time,0.02,0.04,0.06,0.08,0.1,0.12,0.14,0.16,0.18,0.2,0.22,0.24,0.26,0.28,0.3,0.32,0.34,0.36,0.38,0.4,0.42,0.44,0.46,0.48,0.5,0.52,0.54,0.56,0.58,0.6,0.62,0.64,0.66,0.68,0.7,0.72,0.74,0.76,0.78,0.8,0.82,0.84,0.86,0.88,0.9,0.92,0.94,0.96,0.98
0.01,-0.0038498939949011,-0.0032517802707451,-0.0022694957534117,-0.0009492789758617,0.0006691047380065,0.0025511253130398,0.0046665274458066,0.0069885738971461,0.0094934408250414,0.0121597281316909,0.0149680578389309,0.0179007404899386,0.0209414945101144,0.0240752069972868,0.0272877269738827,0.0305656840069394,0.0338963264735356,0.0372673747566135,0.0406668853825892,0.0440831226207175,0.0475044344009311,0.0509191295824748,0.0543153536654658,0.0576809599278858,0.0610033727636895,0.06426943956587,0.0674652669560189,0.0705760362591469,0.0735857920038614,0.0764771955569519,0.0792312337924442,0.0818268695295243,0.0842406160471151,0.0864460116494281,0.0884129609252977,0.0901068955967476,0.0914876866806541,0.0925082066042252,0.0931123863315866,0.0932325225817201,0.0927854327793541,0.0916667656775967,0.0897422099149613,0.0868331549594714,0.0826916263477678,0.0769522387276691,0.0690273435383052,0.0578279079087982,0.0406978668518356
0.02,-0.0079807753927112,-0.0074627969791963,-0.0065602296293271,-0.0053194215629109,-0.0037802331623057,-0.0019772781923688,5.911318650161506e-05,0.0023021357182116,0.0047279028055332,0.0073149555992038,0.0100438603659816,0.0128968740810801,0.0158576631378772,0.0189110636142177,0.0220428741041498,0.0252396740017249,0.0284886615021165,0.0317775065906726,0.0350942150267699,0.0384269998349103,0.0417641571575781,0.0450939435015949,0.0484044514720905,0.051683480981805,0.0549184027199178,0.0580960102367741,0.0612023564647288,0.0642225695988158,0.0671406421525739,0.069939185345672,0.0725991387889997,0.0750994222955699,0.0774165122432238,0.0795239186581966,0.0813915299044517,0.0829847782590117,0.0842635586497248,0.0851808000425369,0.0856805358535726,0.0856952305756268,0.0851419637939481,0.0839167856396289,0.0818859971761123,0.078871932133156,0.0746281085995622,0.0687916050861638,0.0607791443890182,0.049510487669625,0.0323524417408259
0.03,-0.0121540055431422,-0.0117169823024177,-0.0108949467179556,-0.0097343579618856,-0.0082751726092533,-0.00655208914687,-0.0045955135469607,-0.0024323199795308,-8.645865164878018e-05,0.0024205520114348,0.0050692217174764,0.0078417530832253,0.0107217596877556,0.0136940258113607,0.0167442988447259,0.0198591072362466,0.0230255982282604,0.0262313906418658,0.0294644387086611,0.0327129034573175,0.0359650285056087,0.0392090172897973,0.0424329088269369,0.0456244490068858,0.0487709541956457,0.0518591635383206,0.0548750757819396,0.0578037655788269,0.0606291731180459,0.0633338592906681,0.0658987164218564,0.0683026214908127,0.0705220143938242,0.0725303776025429,0.0742975843631833,0.0757890690986762,0.0769647528526558,0.0777776241207825,0.0781718227773901,0.0780799864209141,0.0774194638841927,0.0760867161264332,0.0739486693376861,0.0708286188153698,0.0664815993021402,0.0605471878243026,0.0524465313307497,0.041108273866431,0.0239222790090858
0.04,-0.0163704519070873,-0.0160152204724112,-0.0152745478962597,-0.0141950055946949,-0.01281664749179,-0.0111742578492524,-0.0092983194253028,-0.0072157762191235,-0.0049506429198082,-0.002524498370168,4.310975793134483e-05,0.0027343289158185,0.0055327190697083,0.0084230119086659,0.0113909028292058,0.014422868545442,0.0175060045609631,0.0206278777507886,0.0237763900440032,0.0269396497087564,0.0301058470883847,0.0332631318192048,0.0363994886283998,0.0395026087140497,0.0425597534979721,0.0455576071530217,0.0484821137444705,0.0513182939723996,0.0540500353993699,0.0566598484187034,0.0591285780649833,0.0614350586824391,0.063555694137415,0.0654639401141292,0.0671296559034037,0.0685182797341116,0.0695897610573068,0.0702971509965013,0.0705847000229865,0.0703852243356587,0.0696163493053657,0.0681749564092195,0.0659286099729304,0.0627015845423876,0.0582504560544358,0.052217335342292,0.0440278469613388,0.0326196073976456,0.0154057239363823
0.05,-0.020631008875093,-0.0203584231703258,-0.0196999620067261,-0.0187023103609398,-0.0174056206857821,-0.0158447640921011,-0.0140503011181603,-0.0120492465264164,-0.0098656803782532,-0.0075212427931701,-0.0050355396604724,-0.0024264795181571,0.0002894431718175,0.0030969066970299,0.005981553652637,0.0089298082137339,0.0119287133434684,0.0149657831738421,0.0180288665418292,0.0211060181767832,0.0241853743850941,0.0272550302623052,0.030302915533517,0.0333166660297596,0.0362834876002826,0.0391900088761017,0.042022118744166,0.0447647835471195,0.0474018379264558,0.049915741622101,0.0522872923926072,0.0544952821725229,0.0565160792852417,0.0583231134401213,0.0598862311926544,0.0611708763102685,0.0621370290331845,0.0627378063224351,0.062917573522595,0.0626093310965371,0.0617309884452558,0.0601798575214776,0.0578241540986242,0.0544891500319042,0.0499329874776691,0.0438003469160817,0.0355213847256984,0.0240427804037047,0.0068010730159637
0.06,-0.0249365988950847,-0.0247475306767439,-0.0241721470284204,-0.0232572478303644,-0.0220430852677156,-0.02056461839664,-0.0188524865499657,-0.016933776206917,-0.0148326337100575,-0.0125707613327898,-0.0101678240373944,-0.0076417871925578,-0.005009200520986,-0.0022854399639201,0.0005150834483963,0.0033787405307307,0.0062925208879185,0.0092438850963201,0.0122206280963176,0.0152107502860211,0.0182023331594385,0.0211834165188679,0.0241418743651687,0.027065286479051,0.0299408025031784,0.0327549949543203,0.0354936970453105,0.0381418203592766,0.0406831463322426,0.0431000839082759,0.0453733836068856,0.0474817952046774,0.049401652006708,0.051106358607851,0.0525657501088137,0.0537452776239278,0.0546049546581866,0.055097967335994,0.0551688002943352,0.0547506440981284,0.0537616998876275,0.0520997203035748,0.049633586203618,0.0461895852061517,0.0415274511913202,0.0352944707175661,0.0269253869381237,0.0153760337821549,-0.0018934282621124
0.07,-0.0292881736598243,-0.0291835130818609,-0.0286920913100654,-0.0278608244984639,-0.0267300657926806,-0.0253348633129693,-0.0237059362223339,-0.0218704436902451,-0.0198525992685283,-0.0176741682803431,-0.0153548756347394,-0.0129127443904495,-0.0103643803812856,-0.0077252146222258,-0.00500971261031,-0.002231557729341,0.0005961854323674,0.0034609230671775,0.0063503953989488,0.009252547687717,0.0121554058263965,0.0150469535598353,0.0179150084324,0.0207470934832606,0.023530301508952,0.0262511483370865,0.0288954110112166,0.0314479459582901,0.0338924811339428,0.0362113745602623,0.0383853295732294,0.0403930540766179,0.0422108469197009,0.0438120884933927,0.045166603787539,0.0462398531507804,0.0469918859266044,0.0473759608492829,0.0473366864158145,0.0468074493133012,0.0457067503470998,0.0439327933328598,0.0413551381763197,0.0378011071141252,0.033032051744312,0.026697901734765,0.0182380427050796,0.0066175555479492,-0.0106795873684519
0.08,-0.0336867153579403,-0.0336673715606544,-0.033260814869132,-0.0325140791093071,-0.0314676196407672,-0.0301565747898988,-0.0286117446072264,-0.0268603619465423,-0.0249267085167977,-0.0228326136059775,-0.0205978629625176,-0.0182405382130985,-0.0157773021713244,-0.0132236417889446,-0.010594077889059,-0.0079023489100291,-0.0051615744846284,-0.002384403649967,0.0004168482658507,0.0032300705632242,0.0060432327318044,0.0088442616827903,0.0116209177616956,0.0143606665669813,0.0170505434042241,0.0196770068345114,0.0222257772386212,0.0246816554962917,0.0270283158176681,0.0292480651934647,0.0313215598564966,0.0332274661526341,0.0349420490797169,0.0364386657879635,0.0376871325666282,0.0386529209688321,0.0392961188523528,0.0395700611333908,0.0394194848737016,0.0387779791090704,0.0375643524627028,0.0356772706788431,0.03298698701455,0.0293218775892872,0.0244449382124885,0.0180087793034431,0.0094574853925225,-0.0022345222688526,-0.0195592671115184
0.09,-0.0381332379926628,-0.0382001397170666,-0.0378793707612342,-0.0372180840499463,-0.0362568384363191,-0.0350308636189046,-0.0335710416154935,-0.0319046799795088,-0.030056129545289,-0.0280472845005244,-0.0258979923450634,-0.0236263941705591,-0.0212492106579871,-0.0187819855775721,-0.0162392959561405,-0.013634936160556,-0.0109820817372276,-0.0082934378148599,-0.0055813761251687,-0.0028580641640067,-0.0001355896607731,0.0025739166733722,0.005258157232906,0.0079045394684,0.010500040544479,0.0130310611765371,0.0154832645904402,0.0178413957346223,0.0200890748200996,0.0222085577141486,0.0241804536518808,0.0259833877695237,0.0275935918613486,0.0289844008555203,0.0301256238205396,0.0309827455705835,0.0315158952601631,0.0316784876901346,0.0314153933781114,0.0306604100963298,0.0293326626891287,0.0273312898728495,0.0245272529177983,0.0207500015021192,0.0157642026538228,0.0092251857982358,0.0005817915594601,-0.0111821241609554,-0.0285343875966617
0.1,-0.042628788772715,-0.0427828850017314,-0.0425488465244492,-0.0419739468211169,-0.0410988495448337,-0.0399588769570774,-0.0385849941457487,-0.0370045844011067,-0.0352420686721753,-0.0333194070016672,-0.03125650957289,-0.0290715778592169,-0.0267813913160569,-0.0244015514330593,-0.021946692337404,-0.0194306652169826,-0.01686670241909,-0.0142675660435418,-0.0116456850938257,-0.0090132847140562,-0.0063825106827188,-0.0037655521336036,-0.0011747653864638,0.0013771981466191,0.0038772568343468,0.0063117529656944,0.0086662921224834,0.0109255629433869,0.0130731314004484,0.0150912021640554,0.0169603376034947,0.0186591220290438,0.0201637547250689,0.0214475494745502,0.0224803096779952,0.0232275355575835,0.0236494004582198,0.0236994029042069,0.0233225519165736,0.0224528606042956,0.0210097786712612,0.0188929291522937,0.0159739963282004,0.0120835235639933,0.0069878766234124,0.000345142819265,-0.0083910231898089,-0.0202272356454677,-0.0376069290406476
0.11,-0.0471744495801555,-0.0474167102081386,-0.0472703657035412,-0.0467828115892985,-0.045994817652668,-0.0449417999343137,-0.043654807718912,-0.0421613010933514,-0.0404857721323432,-0.0386502477100254,-0.0366747016458687,-0.0345773967320628,-0.032375172125609,-0.0300836879563739,-0.0277176363680567,-0.0252909262812383,-0.0228168477498364,-0.0203082207424731,-0.0177775324191846,-0.0152370664401999,-0.012699027477272,-0.0101756638999334,-0.0076793915153057,-0.0052229213207611,-0.0028193944031714,-0.0004825274819154,0.0017732268938213,0.0039325006847831,0.0059788053955644,0.0078942944472455,0.0096594835033817,0.0112529164694063,0.0126507608617847,0.0138263104563886,0.0147493646149335,0.0153854412090913,0.0156947607838283,0.0156309095673655,0.0151390403020662,0.0141533882456866,0.0125937368525124,0.010360205122235,0.0073252157201475,0.0033204262557104,-0.0018860707212895,-0.0086333904960538,-0.0174630057779023,-0.0293719044824701,-0.0467789340741915
0.12,-0.0517713385203434,-0.0521027550525029,-0.05204508945946,-0.0516458608256039,-0.0509459464351157,-0.0499808573504094,-0.0487817282041795,-0.0473760969630459,-0.0457885278608081,-0.0440411156011953,-0.042153898613867,-0.0401452019679265,-0.0380319254698624,-0.0358297888310194,-0.0335535431479223,-0.0312171560052122,-0.0288339760884843,-0.026416882150644,-0.0239784204109821,-0.021530933929598,-0.0190866871302261,-0.0166579884438897,-0.0142573139485765,-0.0118974349572381,-0.0095915526764631,-0.0073534434166083,-0.0051976183403234,-0.0031395025266296,-0.0011956391496948,0.0006160739308374,0.0022761058628781,0.0037629606077576,0.005052774707024,0.006118823131873,0.0069309029145983,0.0074545519167438,0.0076500410141445,0.0074710482668692,0.006862875535596,0.0057599872550216,0.004082509781755,0.0017310700405618,-0.0014211551680876,-0.005541372981531,-0.0108597354749855,-0.0177125203762261,-0.0266362682314799,-0.0386182437887233,-0.0560525104912564
0.13,-0.0564206115596089,-0.0568421978430297,-0.0568742182699097,-0.056564317037399,-0.0559534803188618,-0.0550773154681659,-0.0539670436426323,-0.0526502817957718,-0.0511516673769977,-0.049493363940266,-0.0476954755214644,-0.0457763904463885,-0.0437530701403118,-0.0416412948584345,-0.0394558756071828,-0.0372108395869331,-0.0349195950596067,-0.0325950804969967,-0.030249902097882,-0.0278964632225349,-0.025547088920187,-0.0232141485218957,-0.020910179170402,-0.0186480132320644,-0.0164409127015042,-0.0143027140629255,-0.0122479875708579,-0.0102922156952244,-0.0084519964852256,-0.0067452790889865,-0.0051916406522459,-0.0038126166550495,-0.0026321006840218,-0.0016768353026389,-0.0009770240144089,-0.0005671065241313,-0.0004867583678691,-0.0007822053721029,-0.0015079909739564,-0.0027294143109495,-0.0045259967016918,-0.0069965910126816,-0.0102672501734588,-0.0145040245922423,-0.0199352818296623,-0.0268944212602765,-0.0359129908787818,-0.0479684346659091,-0.0654298340540022
0.14,-0.0611234642566598,-0.0616362572447246,-0.0617589937272507,-0.0615394445990288,-0.0610187063453024,-0.0602324839091111,-0.0592120861751959,-0.0579852102159611,-0.0565765677768387,-0.0550083923058544,-0.0533008544639005,-0.0514724068356339,-0.0495400734565089,-0.0475196961097537,-0.0454261466901914,-0.0432735129865345,-0.0410752638019391,-0.0388443982810709,-0.0365935835406806,-0.0343352841583421,-0.0320818866973736,-0.0298458222403575,-0.0276396897990852,-0.0254763835385536,-0.0233692269136164,-0.0213321171657004,-0.0193796841118993,-0.0175274679561412,-0.0157921218006687,-0.0141916460648551,-0.0127456639321276,-0.0114757497767761,-0.0104058264100716,-0.0095626525887304,-0.0089764304705321,-0.0086815747743671,-0.0087177040588982,-0.009130943595452,-0.0099756763539599,-0.0113169575438383,-0.0132339464659175,-0.0158249631612767,-0.0192152737518829,-0.0235697499798204,-0.0291149451969633,-0.036181338954946,-0.0452954258423537,-0.0574247299708744,-0.0749131518122015
0.15,-0.0658811335942439,-0.0664861941463909,-0.0667007004405037,-0.0665725516885426,-0.0661429561417464,-0.0654477176589697,-0.0645182340822091,-0.063382283760424,-0.0620646538401401,-0.060587648728993,-0.0589715067619854,-0.0572347458010972,-0.055394453508463,-0.0534665342020114,-0.0514659216655592,-0.0494067652703257,-0.0473025953464679,-0.0451664726853305,-0.0430111262791378,-0.0408490828567964,-0.0386927913997461,-0.0365547456066812,-0.0344476071731667,-0.0323843328152299,-0.0303783081236781,-0.0284434916780894,-0.0265945733287916,-0.0248471513374547,-0.0232179340224628,-0.0217249730299108,-0.0203879372887694,-0.0192284394733505,-0.0182704306561813,-0.0175406843709798,-0.0170693994555177,-0.0168909629772059,-0.0170449329900975,-0.0175773296018147,-0.0185423693253661,-0.0200048557324765,-0.0220435761087846,-0.0247563047073434,-0.0282675038970174,-0.0327408443266388,-0.0384010348749935,-0.0455755931499437,-0.0547858985891985,-0.0669894557487879,-0.0845047842202874
0.16,-0.0706948999181247,-0.0713933136370091,-0.0717006680487837,-0.071664992337879,-0.0713276080080915,-0.0707244191906082,-0.0698869139424538,-0.0688429530733171,-0.0676174002613869,-0.0662326319710677,-0.0647089552643411,-0.0630649543433932,-0.0613177815302805,-0.0594834047075413,-0.0575768205713921,-0.0556122410919701,-0.0536032591336798,-0.0515629981290148,-0.0495042499218182,-0.0474396043445039,-0.0453815737161081,-0.0433427152292419,-0.0413357540883415,-0.0393737103200295,-0.0374700323306643,-0.0356387406156439,-0.0338945855209641,-0.0322532236827689,-0.0307314187735808,-0.0293472735940243,-0.0281205024883473,-0.0270727557866243,-0.0262280117960943,-0.0256130573323936,-0.0252580858418099,-0.0251974539559545,-0.0254706555529842,-0.0261236007943113,-0.0272103335508031,-0.0287953977788993,-0.0309571984620873,-0.0337929507493293,-0.03742629589208,-0.0420196805251878,-0.0477959382113672,-0.0550795818220734,-0.0643868131296425,-0.0766650165812414,-0.0942071299866012
0.17,-0.0755660889910114,-0.076358967099288,-0.0767602733540997,-0.0768181686045918,-0.0765740891271968,-0.0760640407128189,-0.0753196029201537,-0.0743687202311979,-0.073236334012728,-0.0719448939018586,-0.0705147767860371,-0.0689646342747352,-0.0673116844143838,-0.0655719597060456,-0.0637605208052906,-0.0618916433205243,-0.0599789836797692,-0.0580357289721105,-0.0560747348891043,-0.0541086553365715,-0.052150066906584,-0.0502115911768821,-0.0483060176962147,-0.0464464305681409,-0.0446463416951847,-0.0429198340692494,-0.0412817189821702,-0.0397477117466758,-0.038334631507489,-0.0370606321165275,-0.0359454729617234,-0.035010841332193,-0.0342807416764959,-0.0337819725140854,-0.0335447197262352,-0.0336033066000485,-0.0339971590158599,-0.0347720722251977,-0.0359819110537078,-0.0376909516059187,-0.0399772059672844,-0.0429373165006756,-0.0466940855446515,-0.0514087122931019,-0.0573021235616673,-0.064695784015763,-0.0741006544889742,-0.0864538979275894,-0.1040226685758592
0.18,-0.0804960741694923,-0.0813845544288338,-0.0818809425821239,-0.0820335328738752,-0.0818838779078683,-0.0814680865540128,-0.0808178311891639,-0.0799611412075401,-0.0789230368486866,-0.0777260420671466,-0.0763906046934449,-0.0749354448438151,-0.0733778473764326,-0.071733910489608,-0.0700187598695363,-0.0682467358259066,-0.0664315594025266,-0.0645864823821702,-0.0627244253204017,-0.0608581071847327,-0.0590001697918803,-0.0571633000093929,-0.0553603525761167,-0.0536044764454443,-0.0519092476997401,-0.0502888124026143,-0.0487580432357504,-0.0473327144739831,-0.0460297008287601,-0.0448672070671542,-0.0438650372058601,-0.0430449147401719,-0.0424308690961566,-0.0420497088315826,-0.0419316099819874,-0.0421108594509268,-0.0426268111415911,-0.0435251402428029,-0.0448595259056376,-0.0466939678771343,-0.0491060744291925,-0.0521919010794189,-0.0560733930145878,-0.0609104780422853,-0.0669221442060472,-0.0744267638119999,-0.0839299927166504,-0.0963586703356981,-0.1139539642223987
0.19,-0.0854862787143524,-0.0864715263881028,-0.0870641537802688,-0.0873125903003981,-0.0872585064701331,-0.0869381156906638,-0.086383184504359,-0.0856218284868823,-0.0846791479629264,-0.0835777423765987,-0.082338131645976,-0.0809791055199706,-0.0795180167819354,-0.0779710304317978,-0.0763533382827711,-0.0746793464332667,-0.0729628416185698,-0.071217141374412,-0.0694552321573854,-0.0676898990040433,-0.0659338499234818,-0.0641998379914422,-0.0625007839928857,-0.0608499025102263,-0.0592608344910117,-0.0577477896420808,-0.0563257024690196,-0.0550104064772275,-0.0538188320139131,-0.0527692345900865,-0.0518814623899617,-0.0511772743028398,-0.0506807234940392,-0.0504186268022199,-0.0504211480236565,-0.0507225345028177,-0.051362064021839,-0.0523852863568077,-0.0538456881195293,-0.055806983913181,-0.0583463669543786,-0.0615592914629629,-0.0655668267811838,-0.0705276048589193,-0.0766586423210804,-0.0842751743668765,-0.0938774868510858,-0.106381992733975,-0.1240036699064279
0.2,-0.0905381782406872,-0.0916213871050943,-0.0923114393632135,-0.0926569014002724,-0.0926995632833118,-0.0924757444311953,-0.0920173069310913,-0.0913524538396606,-0.0905063668083044,-0.0895017219712083,-0.088359112506281,-0.0870973989483958,-0.0857340031464812,-0.0842851580329728,-0.0827661226704557,-0.0811913700587137,-0.0795747537243468,-0.0779296580384401,-0.0762691364168731,-0.0746060409913053,-0.0729531469482371,-0.0713232745034247,-0.0697294113541865,-0.0681848384969847,-0.066703262431431,-0.0652989570736382,-0.0639869191768396,-0.0627830417264688,-0.0617043107471523,-0.060769032285035,-0.0599970981813412,-0.0594103018443257,-0.0590327188616534,-0.058891172498178,-0.0590158117998854,-0.0594408412317957,-0.0602054581403423,-0.061355081332569,-0.0629429977713573,-0.065032627842519,-0.0677007381150481,-0.0710421666659026,-0.0751770878295981,-0.0802628126850296,-0.0865143531894836,-0.0942437619848599,-0.1039458893474841,-0.1165266176511041,-0.1341745315764736
0.21,-0.0956533033227627,-0.0968356967276103,-0.0976243888169084,-0.0980680848043861,-0.0982086959683169,-0.0980826492669345,-0.0977219037445403,-0.0971547512697394,-0.096406456092417,-0.0954997722667352,-0.0944553674315065,-0.0932921740891804,-0.0920276843225692,-0.0906782001549467,-0.0892590490474594,-0.0877847720399477,-0.0862692905751673,-0.084726056965424,-0.083168192666,-0.081608617949525,-0.0800601761816412,-0.0785357556639418,-0.077048411882179,-0.0756114930377207,-0.0742387718686798,-0.0729445870627572,-0.071743998030586,-0.0706529574673113,-0.0696885070870035,-0.0688690032218745,-0.0682143808073335,-0.067746466828779,-0.0674893578962608,-0.0674698817440176,-0.0677181700311644,-0.0682683808757667,-0.0691596266908689,-0.0704371895444272,-0.0721541493858184,-0.0743736230075438,-0.0771719383889319,-0.0806433022009671,-0.0849069741283445,-0.0901189188136365,-0.0964921096652998,-0.1043353703995823,-0.1141380496166931,-0.1267953948657439,-0.1444693924633608
0.22,-0.1008332422620394,-0.1021160742448652,-0.1030046515730631,-0.1035478201853215,-0.103787614276615,-0.1037605699027859,-0.1034987445118182,-0.1030305201477191,-0.1023812449619286,-0.1015737521889218,-0.1006287851593131,-0.0995653495540891,-0.0984010088871548,-0.097152135459348,-0.0958341263073182,-0.0944615916765381,-0.0930485220765089,-0.0916084388908915,-0.0901545327168333,-0.0886997930339817,-0.087257132405969,-0.0858395081798836,-0.0844600445159203,-0.0831321576162666,-0.0818696871441514,-0.0806870371137388,-0.0795993299897743,-0.0786225783843067,-0.0777738796809981,-0.0770716402063005,-0.0765358373708609,-0.0761883307249293,-0.0760532364130586,-0.0761573845741324,-0.0765308867137199,-0.0772078509763118,-0.0782273001569095,-0.0796343735896933,-0.0814819365805293,-0.0838327926400648,-0.0867628188496811,-0.0903655747845411,-0.094759385344455,-0.1000988426053272,-0.106594846911139,-0.1145529461329726,-0.1244569202194957,-0.1371912765289303,-0.1548911980201287
0.23,-0.1060796440321769,-0.1074642004892848,-0.1084539400671959,-0.1090978513711783,-0.1094380932594074,-0.1095113124814131,-0.1093496663708502,-0.1089816285442682,-0.1084326323901589,-0.1077255916151913,-0.1068813265035879,-0.1059189171562423,-0.1048559997452981,-0.1037090180652823,-0.1024934399339962,-0.1012239459959065,-0.099914597004414,-0.098578984569646,-0.0972303695560699,-0.0958818117367006,-0.0945462939099419,-0.0932368434415743,-0.0919666540618685,-0.0907492107746172,-0.0895984208536875,-0.0885287541869017,-0.0875553966744912,-0.0866944210284463,-0.0859629802479086,-0.0853795303156347,-0.0849640904392603,-0.0847385516465224,-0.0847270480355904,-0.0849564099720268,-0.0854567259031429,-0.0862620502081299,-0.0874113111819537,-0.0889494991963282,-0.0909292570071942,-0.093413064830235,-0.0964763361614009,-0.1002119673501907,-0.1047373278695954,-0.1102056105242387,-0.1168256074315946,-0.1248995429991323,-0.1349055607491672,-0.1477173220167774,-0.165443000805132
0.24,-0.1113942214145604,-0.1128818213325013,-0.1139740329945124,-0.1147199896608249,-0.1151619766418102,-0.1153367530159641,-0.1152765775213215,-0.1150100167790227,-0.1145625907837227,-0.1139572950388676,-0.1132150280761404,-0.1123549456892328,-0.1113947579666965,-0.1103509814433219,-0.1092391559534204,-0.1080740337625333,-0.1068697470725248,-0.1056399589008148,-0.1043980015282188,-0.1031570061286116,-0.1019300267890477,-0.1007301618816363,-0.0995706756119088,-0.0984651225898979,-0.097427478383854,-0.0964722792935386,-0.09561477501907,-0.0948710985291533,-0.0942584583473629,-0.0937953597256349,-0.0935018629270387,-0.093399889289879,-0.0935135891868599,-0.0938697909121687,-0.0944985568055992,-0.0954338835157448,-0.0967145997489403,-0.0983855404414016,-0.1004991176047592,-0.103117477809569,-0.1063155578863321,-0.1101855743753803,-0.114843920161588,-0.1204423614850344,-0.1271875464632184,-0.1353783275960526,-0.1454871436293029,-0.1583767033319102,-0.176127965848315
0.25,-0.1167787543393549,-0.1183707510908345,-0.119566778779192,-0.1204161173564425,-0.1209611804181777,-0.121238841047762,-0.1212814609443861,-0.1211177012020233,-0.1207731698254637,-0.1202709454734334,-0.1196320062521647,-0.1188755849537297,-0.118019466873421,-0.1170802425644161,-0.116073525143649,-0.1150141397495111,-0.1139162912651848,-0.1127937153226861,-0.1116598167923985,-0.1105277993778306,-0.1094107895268172,-0.1083219576191274,-0.1072746392498119,-0.106282459443551,-0.1053594627438312,-0.1045202523904114,-0.1037801422289243,-0.1031553256130315,-0.1026630664599509,-0.1023219188510209,-0.1021519832957804,-0.1021752101917541,-0.1024157644031219,-0.1029004697281636,-0.1036593591975052,-0.1047263675817224,-0.1061402187079613,-0.1079455853295769,-0.1101946402291495,-0.112949185633158,-0.1162836682218373,-0.1202896076761483,-0.125082398602275,-0.130812352772696,-0.1376839377927525,-0.1459925850581479,-0.1562049597661912,-0.1691727107807598,-0.1869493763632505
0.26,-0.1222350934484876,-0.1239328761569798,-0.1252340992741127,-0.1261881915306996,-0.126837696686214,-0.1272196035469113,-0.1273663783693893,-0.1273067782262417,-0.1270665005725333,-0.1266687086159692,-0.1261344613989101,-0.125483070051308,-0.1247323963988874,-0.1238991063240395,-0.1229988875242843,-0.1220466392933509,-0.1210566404578031,-0.1200427004988246,-0.1190182980744124,-0.117996710568305,-0.1169911378793397,-0.1160148234104816,-0.1150811750690755,-0.1142038891059214,-0.1133970797167012,-0.1126754175975692,-0.1120542810646203,-0.1115499239537209,-0.1111796654021523,-0.1109621078245842,-0.1109173910962173,-0.1110674933331068,-0.1114365919969714,-0.1120515038329705,-0.1129422292002231,-0.1141426366525545,-0.1156913395923085,-0.1176328416162792,-0.1200190674577511,-0.1229114639355765,-0.126383973671533,-0.1305274019522694,-0.1354561228585896,-0.1413189652145934,-0.1483181789385355,-0.1567457248759571,-0.1670624243248059,-0.1801087588894437,-0.1979106396847604
0.27,-0.1277651638985122,-0.129570158876199,-0.1309779937096532,-0.1320382480475361,-0.132793597739188,-0.1332811490754654,-0.1335334745075815,-0.1335794286315005,-0.1334447998302437,-0.1331528372907316,-0.1327246823888378,-0.1321797259671,-0.1315359077399791,-0.1308099702638199,-0.1300176771476893,-0.1291740031549182,-0.1282933023476784,-0.1273894593189055,-0.1264760277379533,-0.1255663598414376,-0.1246737300880954,-0.1238114559328841,-0.1229930185272508,-0.1222321861615745,-0.1215431433557972,-0.1209406287655182,-0.1204400854794954,-0.120057827879459,-0.1198112301030858,-0.1197189423420652,-0.1198011428799131,-0.1200798361148128,-0.120579210097212,-0.1213260718193326,-0.1223503854380234,-0.1236859487506706,-0.1253712589679243,-0.1274506432499929,-0.1299757691540838,-0.1330077166476131,-0.1366199099515468,-0.1409024219269871,-0.1459685833254293,-0.1519657108429845,-0.1590937989861604,-0.167641287447034,-0.178063083484677,-0.1911883929475217,-0.2090152937806248
0.28,-0.1333709694230237,-0.1352846416870637,-0.1368005429119982,-0.137968405857352,-0.138831040437413,-0.1394256722346829,-0.1397849815747111,-0.1399379221620349,-0.139910374824299,-0.1397256761958259,-0.1394050514205743,-0.1389679724649338,-0.1384324583263391,-0.1378153296150104,-0.1371324272167237,-0.1363988027115633,-0.1356288867206948,-0.1348366402405625,-0.1340356932010471,-0.1332394738877308,-0.1324613324464318,-0.1317146614268876,-0.1310130161642948,-0.1303702378036891,-0.1298005818543257,-0.1293188554202451,-0.1289405666396956,-0.1286820904674722,-0.128560855773364,-0.12859555990254,-0.1288064185106084,-0.1292154607397673,-0.1298468830961926,-0.1307274799712221,-0.1318871756104305,-0.1333596923038437,-0.1351834050528227,-0.1374024570147637,-0.1400682490974641,-0.1432414825871096,-0.1469950485057332,-0.1514182687465085,-0.1566234073517314,-0.1627562391316559,-0.170014464666497,-0.178682951489199,-0.189210621344075,-0.2024152960369403,-0.2202670142748071
0.29,-0.1390545966762057,-0.1410784515487479,-0.1427039138133513,-0.1439808715894147,-0.1449522708822088,-0.1456554584199894,-0.1461232241265093,-0.1463846224421012,-0.1464656281962049,-0.1463896669781638,-0.146178049173238,-0.1458503293209203,-0.1454246071331752,-0.1449177826905363,-0.1443457755561112,-0.1437237155079414,-0.143066111081767,-0.1423870009988532,-0.1417000927263767,-0.1410188918173784,-0.1403568252509816,-0.1397273617280285,-0.1391441317147111,-0.1386210500259001,-0.1381724438191402,-0.1378131891172913,-0.1375588593581908,-0.1374258900572705,-0.1374317644930598,-0.1375952264769644,-0.137936527908202,-0.1384777210291591,-0.1392430085380455,-0.1402591692201029,-0.1415560835129264,-0.1431673932262583,-0.1451313448735443,-0.1474918897382315,-0.1503001522546719,-0.1536164427800966,-0.157513103882498,-0.1620786874128948,-0.1674243667340242,-0.1736943443929722,-0.1810839877956939,-0.189874540517076,-0.200508867018158,-0.2137932960954265,-0.2316696215569081
0.3,-0.1448182198812168,-0.1469538046790328,-0.1486903642786728,-0.1500779444665465,-0.1511596294178506,-0.1519728889095875,-0.1525506242334466,-0.1529219922364458,-0.153113063349095,-0.1531473536643728,-0.1530462603222319,-0.1528294219240046,-0.1525150203665186,-0.1521200366549746,-0.1516604704672189,-0.1511515311957221,-0.1506078066796555,-0.1500434147172298,-0.1494721416169398,-0.1489075714416786,-0.1483632091689616,-0.1478526007205833,-0.1473894526476511,-0.1469877542500215,-0.1466619049825952,-0.14642685023941,-0.1462982289775258,-0.1462925372177944,-0.1464273122675659,-0.1467213436407062,-0.1471949182613978,-0.1478701097134863,-0.1487711244848327,-0.1499247225830893,-0.1513607365433665,-0.1531127224887189,-0.1552187918922613,-0.1577226959734274,-0.1606752724982991,-0.164136428228172,-0.1681779415336743,-0.1728875746063041,-0.1783753855537199,-0.1847839735821099,-0.1923063330613739,-0.2012200310935976,-0.2119618024901752,-0.2253263737549109,-0.243227088632025
0.31,-0.1506641058094877,-0.1529130116295981,-0.1547622482760133,-0.1562620215696551,-0.1574555559895537,-0.1583804463152475,-0.1590697070237709,-0.1595525990851191,-0.1598552901739339,-0.1600013884780847,-0.1600123794473974,-0.1599079872748442,-0.1597064775527595,-0.1594249137047566,-0.1590793769989981,-0.1586851578953984,-0.1582569249598582,-0.1578088764512046,-0.1573548788516324,-0.1569085960003134,-0.1564836120573053,-0.1560935512483755,-0.1557521971699221,-0.1554736144201665,-0.1552722753897791,-0.155163195275221,-0.1551620787394519,-0.1552854822070669,-0.1555509965726162,-0.1559774562094271,-0.1565851817491156,-0.1573962662367981,-0.1584349174007716,-0.1597278731236802,-0.161304913735118,-0.1631995042193294,-0.165449614169463,-0.1680987862154009,-0.171197560880443,-0.1748054282167238,-0.1789935861555768,-0.1838489870502351,-0.1894805485577933,-0.196029234804391,-0.2036856265489253,-0.212723561243163,-0.2235735711201395,-0.2370186708660349,-0.2549435496350425
0.32,-0.1565946191196489,-0.1589584827278716,-0.1609220214202583,-0.1625356034824655,-0.1638425958883896,-0.1648807204267051,-0.1656831066267802,-0.1662791213451104,-0.1666950311890924,-0.1669545380771182,-0.1670792173675572,-0.1670888804175503,-0.1670018780675114,-0.16683535769415,-0.166605483671153,-0.1663276290167698,-0.166016544482427,-0.1656865102041451,-0.1653514741988442,-0.1650251813730877,-0.1647212962727821,-0.1644535225235641,-0.1642357217330051,-0.1640820346085399,-0.1640070071021913,-0.1640257246206748,-0.1641539576834554,-0.1644083229668921,-0.1648064644446049,-0.165367260421912,-0.1661110638139518,-0.1670599851185622,-0.1682382305991804,-0.1696725124800703,-0.1713925543620572,-0.1734317243800126,-0.1758278431060023,-0.1786242357091585,-0.1818711344831661,-0.1856275992100741,-0.1899642306183789,-0.1949671504659308,-0.2007441101289427,-0.2074344062418386,-0.2152261646595765,-0.2243894393600748,-0.2353484865354121,-0.2488744993823311,-0.2668233087069621
0.33,-0.1626122280877552,-0.1650927339177147,-0.1671722469231693,-0.1689013003499326,-0.1703234059172022,-0.171476414484321,-0.1723935725515673,-0.1731043546746186,-0.1736351281296817,-0.1740096902475087,-0.1742497079389687,-0.1743750813423835,-0.1744042481424507,-0.1743544412462323,-0.1742419096893072,-0.1740821105784268,-0.1738898783461829,-0.1736795764558276,-0.1734652358500663,-0.17326068381868,-0.1730796665160419,-0.1729359680761012,-0.1728435290884347,-0.1728165671757537,-0.1728697024631328,-0.1730180909489987,-0.1732775691204894,-0.1736648136992485,-0.1741975211583053,-0.1748946127160973,-0.1757764720362398,-0.1768652249218232,-0.1781850733012451,-0.1797627000108439,-0.1816277671662269,-0.1838135400706177,-0.186357682817444,-0.1893032938766263,-0.1927002859116712,-0.196607274391809,-0.2010942455446097,-0.2062464691796542,-0.2121705039121311,-0.2190039457679817,-0.2269324237294949,-0.2362221538209522,-0.2472910422390687,-0.2608983509282031,-0.2788708496337495
0.34,-0.1687195107637857,-0.1713183930345939,-0.1735156019860333,-0.1753618383873076,-0.1769007610151513,-0.1781703519182755,-0.1792039765401506,-0.1800312189995088,-0.1806785490268291,-0.1811698610952009,-0.1815269153591275,-0.1817697024014616,-0.1819167483928171,-0.1819853733921542,-0.1819919126960848,-0.1819519090707696,-0.1818802821636856,-0.1817914802500787,-0.1816996186198814,-0.1816186082873855,-0.181562278257308,-0.1815444942924256,-0.1815792769389369,-0.1816809215354176,-0.1818641229747967,-0.1821441081997027,-0.1825367797330324,-0.183058874076198,-0.1837281395449365,-0.1845635391548267,-0.185585485661817,-0.1868161178812,-0.1882796303605201,-0.1900026726088427,-0.19201484025652,-0.1943492895054326,-0.1970435201803171,-0.200140394430565,-0.2036894934514544,-0.2077489738611441,-0.2123881895329555,-0.2176915363618964,-0.2237643530575297,-0.2307425012244929,-0.2388090703419779,-0.248226383289405,-0.2594059219045526,-0.2730949071317024,-0.291090846154342
0.35,-0.1749191615930999,-0.1776382065546653,-0.1799548846750856,-0.181920066880751,-0.1835775613824964,-0.184965483596628,-0.1861173199380288,-0.1870627660056967,-0.1878283958213386,-0.1884382027805371,-0.1889140420217471,-0.189275996283995,-0.1895426819127698,-0.1897315077865784,-0.1898588971066721,-0.1899404799118064,-0.1899912626374792,-0.1900257798914637,-0.1900582327636146,-0.1901026173598036,-0.1901728467961915,-0.1902828695966179,-0.1904467872411791,-0.1906789735774229,-0.190994198842255,-0.1914077612425326,-0.1919356293579773,-0.1925945991402931,-0.193402470008375,-0.1943782455545245,-0.1955423658422508,-0.1969169802503005,-0.1985262727130882,-0.2003968552530164,-0.2025582517551388,-0.2050435027487819,-0.2078899356508568,-0.2111401662681022,-0.2148434320330467,-0.2190574156594101,-0.2238508202382586,-0.2293071451521644,-0.235530481380972,-0.2426549216115411,-0.2508609723967683,-0.2604070077772329,-0.2716980104277471,-0.2854690506595546,-0.3034881730255736
0.36,-0.1812139985456969,-0.1840550468614427,-0.1864930213241936,-0.1885789657247857,-0.1903568401517151,-0.1918648956291248,-0.1931367416298297,-0.1942021872059101,-0.1950879125609549,-0.1958180118455348,-0.1964144369736708,-0.196897364602569,-0.197285502990955,-0.1975963515523237,-0.1978464230826442,-0.1980514365502698,-0.1982264867926623,-0.1983861963075452,-0.1985448534694279,-0.1987165408689961,-0.1989152570141604,-0.1991550343330239,-0.1994500562184832,-0.1998147758110863,-0.2002640392456597,-0.2008132162782396,-0.201478341514517,-0.2022762699589859,-0.2032248513034533,-0.2043431283850292,-0.2056515666526947,-0.2071723234338373,-0.2089295686194777,-0.2109498723520556,-0.2132626812374114,-0.2159009132429769,-0.2189017148717366,-0.2223074451457571,-0.2261669849637035,-0.2305375275458282,-0.2354871061781371,-0.2410983004830059,-0.2474739251924266,-0.2547462688322641,-0.2630932110051712,-0.2727691205308251,-0.2841724058040089,-0.2980258770932736,-0.316067917920673
0.37,-0.1876069708008056,-0.1905719200784932,-0.193133074514146,-0.195341653546832,-0.1972417716560821,-0.1988718177787618,-0.2002655265929292,-0.2014528226345681,-0.2024604942358345,-0.2033127381894035,-0.2040316050300157,-0.2046373671476135,-0.2051488265038154,-0.205583574813038,-0.2059582162037162,-0.2062885602765408,-0.2065897919271433,-0.206876623138646,-0.207163431087835,-0.2074643862699178,-0.207793573883936,-0.2081651114157801,-0.2085932651502906,-0.2090925682935977,-0.2096779434080939,-0.2103648320447104,-0.2111693347487145,-0.2121083651025578,-0.2131998221468413,-0.2144627865106552,-0.2159177469594075,-0.2175868659774741,-0.2194942957716576,-0.2216665599632182,-0.2241330220553563,-0.2269264702288045,-0.2300838611808391,-0.2336472862668287,-0.2376652565828619,-0.2421944597096871,-0.2473022394899368,-0.253070231869497,-0.2595999461059455,-0.2670218306130998,-0.2755110932867408,-0.2853180408185199,-0.296834431906021,-0.3107707077063583,-0.3288353942319122
0.38,-0.1941011670396134,-0.1971919745219836,-0.1998782516833806,-0.2022113964746502,-0.2042356803525189,-0.2059896325388865,-0.2075071151277922,-0.208818170230488,-0.209949696312882,-0.2109259947539109,-0.2117692166100992,-0.2124997318735507,-0.2131364380522009,-0.2136970209792483,-0.2141981779036905,-0.2146558108085802,-0.2150851963477033,-0.2155011376243069,-0.2159181021685746,-0.2163503498269971,-0.2168120538078608,-0.2173174178179223,-0.217880792011802,-0.2185167904202637,-0.2192404125354504,-0.2200671719049996,-0.2210132348661595,-0.2220955730241204,-0.2233321337395609,-0.2247420338520386,-0.2263457832171641,-0.2281655464959867,-0.2302254543464556,-0.2325519789644801,-0.235174394620943,-0.2381253521313054,-0.2414416091033316,-0.2451649778643115,-0.2493435859282411,-0.2540335985122127,-0.2593016497413188,-0.2652284072819205,-0.2719140449681539,-0.2794871344200521,-0.2881201663904268,-0.2980593279868896,-0.3096896525645398,-0.3237091035545507,-0.3417961551340778
0.39,-0.2006998244049024,-0.2039185098329778,-0.2067319144311652,-0.209191617608811,-0.2113420504619336,-0.2132218849401414,-0.2148651128304143,-0.2163018959738665,-0.2175592450364598,-0.2186615679871559,-0.219631118363752,-0.2204883656872627,-0.2212523049113706,-0.2219407178605031,-0.2225703967443504,-0.2231573377276397,-0.2237169109676618,-0.2242640123629675,-0.2248132013827957,-0.2253788286986659,-0.2259751568650067,-0.2266164769809342,-0.2273172240462826,-0.228092093657906,-0.2289561627101967,-0.2299250169011353,-0.231014888145274,-0.2322428054278527,-0.2336267632882309,-0.2351859130569593,-0.2369407832854407,-0.2389135376296702,-0.2411282810960243,-0.2436114292717398,-0.2463921607418488,-0.2495029810046548,-0.252980438838977,-0.2568660557382013,-0.2612075612931303,-0.2660605810284449,-0.2714910184166845,-0.2775785475338303,-0.2844219761054505,-0.2921479615442137,-0.300926231363233,-0.3109987951300175,-0.3227438850868157,-0.3368468789619813,-0.3549560073289985
0.4,-0.2074063381931017,-0.2107549868562549,-0.2136975885812492,-0.2162859072694467,-0.2185645363975171,-0.2205722931589295,-0.2223433013797404,-0.2239078448515993,-0.2252930485707169,-0.2265234291621665,-0.2276213446656015,-0.2286073661176253,-0.2295005878757924,-0.2303188896846567,-0.2310791606094913,-0.2317974928470908,-0.2324893518506233,-0.2331697280308669,-0.2338532744170036,-0.2345544340068272,-0.2352875600559045,-0.2360670322348424,-0.2369073713582003,-0.2378233553143215,-0.2388301388345954,-0.2399433798692716,-0.2411793756226715,-0.2425552117215172,-0.2440889286226321,-0.2457997102787427,-0.2477081013626905,-0.2498362611288501,-0.2522082645756531,-0.2548504652025045,-0.25779193911173,-0.2610650381387075,-0.2647060920609874,-0.2687563192038929,-0.2732630363375024,-0.278281311340401,-0.2838762954175242,-0.2901266430188894,-0.2971297643273608,-0.3050103644009606,-0.3139353607467095,-0.3241425269717859,-0.3360032183507399,-0.3501901196721962,-0.3683210288847962
0.41,-0.2142242723519059,-0.2177050383402066,-0.2207789750819365,-0.223498034094608,-0.2259069740596901,-0.2280447600074398,-0.2299456502214388,-0.2316400527336468,-0.2331552090675565,-0.234515746635653,-0.2357441300639565,-0.2368610339540308,-0.2378856540866087,-0.2388359701147872,-0.2397289699108628,-0.2405808436074169,-0.2414071537946605,-0.242222987155459,-0.2430430919360049,-0.2438820049892224,-0.2447541716445679,-0.2456740613294417,-0.246656281636174,-0.2477156934464757,-0.2488675297261161,-0.2501275207206909,-0.2515120285572907,-0.253038194662241,-0.2547241040182996,-0.2565889711715111,-0.2586533541493182,-0.2609394041781606,-0.2634711616222347,-0.2662749120992274,-0.2693796220688164,-0.2728174809416506,-0.2766245888490819,-0.280841848082771,-0.285516147102332,-0.2907019775354758,-0.2964637160002098,-0.3028789705403293,-0.3100437216005288,-0.318080682996902,-0.3271539147700122,-0.3374968959054116,-0.3494740286754283,-0.3637451986877398,-0.3818975853584594
0.42,-0.2211573708652926,-0.2247724805412192,-0.2279799618275422,-0.2308319570767289,-0.2333733930857223,-0.2356433853947681,-0.2376763292390594,-0.239502759252955,-0.2411500357542289,-0.2426428991423622,-0.2440039227811912,-0.2452538869522442,-0.2464120909428144,-0.2474966163649676,-0.2485245519086652,-0.2495121876014363,-0.2504751850621785,-0.2514287290503579,-0.2523876647228583,-0.2533666243444825,-0.2543801467084768,-0.2554427921891306,-0.2565692561102088,-0.2577744830232802,-0.2590737844821016,-0.260482963006851,-0.2620184451935822,-0.2636974273141201,-0.2655380373449558,-0.2675595182255199,-0.2697824383630542,-0.2722289370852369,-0.2749230152078348,-0.2778908843386918,-0.2811613937500057,-0.2847665612264752,-0.288742246110835,-0.2931290212378684,-0.2979733306483722,-0.3033290704375237,-0.3092598195892739,-0.315842112197195,-0.3231704659996426,-0.3313655639511205,-0.3405885608081037,-0.3510685813109429,-0.3631629989804102,-0.3775187954411567,-0.3956923489566578
0.43,-0.2282095701176431,-0.2319613258260123,-0.2353046364964458,-0.2382918386341396,-0.240968030152674,-0.2433724798594701,-0.2455397225145929,-0.2475004217926097,-0.2492820591458745,-0.2509094902319964,-0.2524053993742212,-0.2537906747178022,-0.2550847212070617,-0.2563057245283107,-0.2574708762616218,-0.2585965683463669,-0.2596985633742644,-0.2607921460315671,-0.2618922601173206,-0.2630136348927699,-0.2641709040213158,-0.2653787200173712,-0.2666518668777619,-0.2680053734711173,-0.2694546302441296,-0.2710155119003734,-0.2727045089563729,-0.27453887145364,-0.2765367686787861,-0.2787174695786256,-0.2811015497453408,-0.2837111324734218,-0.2865701738098346,-0.2897048048689841,-0.2931437497902777,-0.2969188450571567,-0.301065697562292,-0.3056245366760579,-0.3106413452666073,-0.3161694039120095,-0.3222714701636205,-0.3290229758381245,-0.3365169422156718,-0.3448719810340384,-0.35424629279405,-0.3648645890316566,-0.3770771390067339,-0.3915179160360574,-0.4097123188194801
0.44,-0.2353850123399387,-0.2392757963768864,-0.242757300512657,-0.2458820588264762,-0.2486953434444232,-0.2512365792862119,-0.253540443292968,-0.255637730696631,-0.2575560465012718,-0.2593203639687885,-0.2609534806769859,-0.2624763948906879,-0.2639086194319998,-0.2652684462446231,-0.2665731719357526,-0.2678392924336457,-0.2690826733013975,-0.2703187010494612,-0.2715624198889131,-0.2728286576899803,-0.2741321444080672,-0.2754876258921459,-0.2769099757389401,-0.2784143077476175,-0.280016091508559,-0.2817312737400849,-0.283576408227355,-0.2855687975740543,-0.2877266505278487,-0.2900692594601872,-0.2926172037134313,-0.2953925861351957,-0.2984193124550111,-0.3017234264328039,-0.3053335186827488,-0.3092812342393825,-0.3136019153225633,-0.3183354332151415,-0.3235272921820546,-0.3292301365671684,-0.335505877913623,-0.3424288166334095,-0.3500904430060523,-0.3586072564733795,-0.3681344542969917,-0.3788922746500265,-0.3912238075194771,-0.4057499154665127,-0.4239648433026929
0.45,-0.2426880602538812,-0.2467203391179566,-0.2503424842511688,-0.2536072308364447,-0.2565600284073931,-0.2592404609332625,-0.2616833502793553,-0.2639196258353645,-0.2659770186548311,-0.267880622028838,-0.2696533491620956,-0.2713163107704738,-0.2728891298483107,-0.2743902068509163,-0.2758369456171077,-0.2772459482037614,-0.2786331852003916,-0.2800141468877551,-0.2814039796980156,-0.2828176117506932,-0.2842698707295739,-0.285775597011919,-0.2873497547023482,-0.2890075431062809,-0.2907645111479853,-0.2926366773066453,-0.2946406578713937,-0.2967938066564362,-0.2991143698466714,-0.3016216604381008,-0.3043362578344177,-0.3072802397216824,-0.3104774556149722,-0.3139538546554311,-0.3177378850879166,-0.3218609898221535,-0.32635823360534,-0.3312691143658459,-0.3366386396301616,-0.34251879603174,-0.3489706237292762,-0.3560672617829664,-0.3638986341293402,-0.3725790861179848,-0.382260761982503,-0.3931593667234234,-0.4056107362280104,-0.4202225214718463,-0.4384576439382106
0.46,-0.2501233130445344,-0.2542996419954835,-0.258064963622696,-0.2614722178559894,-0.2645670349354579,-0.2673891609137149,-0.2699735654145406,-0.2723513146731001,-0.2745502683748026,-0.2765956423475048,-0.2785104678762493,-0.2803159705388413,-0.2820318858736289,-0.2836767251762346,-0.2852680017921835,-0.2868224261120842,-0.2883560758655957,-0.2898845470999306,-0.2914230903174273,-0.2929867355547734,-0.2945904096737581,-0.2962490487708175,-0.2979777083429718,-0.2997916737355297,-0.3017065733292138,-0.3037384970163986,-0.305904122702342,-0.3082208539047096,-0.3107069720290022,-0.3133818076656265,-0.3162659363159002,-0.3193814054679579,-0.3227520021519071,-0.3264035731983382,-0.3303644151503931,-0.3346657575682811,-0.3393423743134471,-0.3444333740161679,-0.3499832485922324,-0.3560433046993112,-0.3626736849093597,-0.3699463361469571,-0.3779495798584608,-0.3867955647990735,-0.3966333321294862,-0.4076739930567371,-0.4202460557322007,-0.4349438607344775,-0.4531988416500798
0.47,-0.2576956238090276,-0.2620186517626796,-0.2659297781909806,-0.2694821515328218,-0.2727215861427272,-0.2756879932918495,-0.2784164932924737,-0.2809382920046906,-0.2832813804171197,-0.285471099488903,-0.2875306011240721,-0.2894812282567132,-0.2913428314221645,-0.2931340351631823,-0.2948724646809623,-0.2965749409731673,-0.2982576510841596,-0.2999362988756461,-0.3016262408096217,-0.3033426105351501,-0.3051004355534179,-0.3069147488638211,-0.3088006982169658,-0.3107736554794736,-0.3128493285373266,-0.315043878245299,-0.3173740431023318,-0.3198572746531924,-0.3225118870998626,-0.3253572253476613,-0.3284138567367009,-0.3317037931759409,-0.335250752541367,-0.3390804712044044,-0.3432210841573888,-0.3477035958038981,-0.352562475060555,-0.3578364246053228,-0.3635694011011055,-0.3698120081449169,-0.3766234636684986,-0.3840744908236631,-0.392251771611312,-0.4012652150016636,-0.4112607082964346,-0.4224447091399938,-0.4351383242313008,-0.4499224873234758,-0.4681969853273321
0.48,-0.2654101186483616,-0.2698825934392465,-0.2739422509960938,-0.2776424521538783,-0.2810291989038833,-0.2841425709773906,-0.2870178424057881,-0.2896863615499767,-0.2921762534666746,-0.2945129869322642,-0.2967198370980937,-0.2988182668366527,-0.3008282442185948,-0.3027685095226178,-0.304656802231923,-0.3065100562957494,-0.308344570310921,-0.3101761580547208,-0.3120202838803801,-0.3138921867703448,-0.315806996336967,-0.3177798436576435,-0.3198259695651917,-0.3219608328748074,-0.3242002209429832,-0.3265603650226327,-0.3290580630368233,-0.3317108126969589,-0.3345369583526735,-0.337555855675564,-0.3407880592682057,-0.3442555397092088,-0.347981938624915,-0.3519928732924759,-0.3563163067538891,-0.3609830058342343,-0.3660271197633327,-0.3714869278670927,-0.3774058311089437,-0.3838337060897704,-0.3908288181712556,-0.3984606342265251,-0.4068141590469123,-0.4159970179557018,-0.4261518933433295,-0.4374805292306098,-0.4502965584191424,-0.4651674138110312,-0.4834610830084685
0.49,-0.2732722175918635,-0.2778969916388334,-0.2821080102805311,-0.2859588507660666,-0.2894957063659521,-0.2927588286250191,-0.2957836484301047,-0.2986016596202629,-0.3012411241836633,-0.3037276414961715,-0.3060846126792075,-0.3083336232181907,-0.310494761347186,-0.3125868856557619,-0.3146278524165433,-0.316634710949228,-0.3186238737065884,-0.3206112665379774,-0.3226124636592507,-0.3246428111353695,-0.3267175421689179,-0.328851887077534,-0.3310611805684736,-0.3333609687699534,-0.3357671183819583,-0.3382959303663841,-0.3409642607400301,-0.3437896513201264,-0.3467904737115757,-0.3499860905129288,-0.3533970386711773,-0.3570452412859848,-0.3609542561826518,-0.3651495723897897,-0.3696589700148546,-0.374512965229924,-0.3797453721175499,-0.3853940284672931,-0.3915017582571981,-0.3981176862735262,-0.4052990964771231,-0.4131141660735085,-0.4216461840720913,-0.4310004476586604,-0.4413163829291429,-0.4527909603591443,-0.4657302675381011,-0.4806881452407784,-0.4990006360757832
0.5,-0.2812876575698862,-0.2860676939841636,-0.2904330133419386,-0.2944374134621859,-0.2981272826634006,-0.3015430477750017,-0.3047202997869129,-0.307690681100515,-0.3104825936025246,-0.3131217701520171,-0.3156317406627641,-0.3180342160050057,-0.3203494072988266,-0.3225962941101265,-0.3247928520934098,-0.3269562484354129,-0.3291030118165877,-0.3312491823709701,-0.3334104461916131,-0.3356022581993743,-0.3378399566720795,-0.3401388723129374,-0.3425144344535538,-0.3449822768287889,-0.3475583452526167,-0.3502590095692744,-0.3531011823829208,-0.3561024473376534,-0.3592812001370773,-0.3626568061531811,-0.3662497793907817,-0.3700819888962187,-0.374176900653107,-0.3785598657334935,-0.3832584697040842,-0.3883029643183815,-0.3937268122914975,-0.3995673908704769,-0.4058669248835791,-0.4126737615700855,-0.4200441737325501,-0.4280450146249829,-0.4367578181052963,-0.446285508111417,-0.4567642024706073,-0.4683860391377387,-0.4814494901806638,-0.4964947162885407,-0.5148256763737409
0.51,-0.2894625176805658,-0.2944008968603661,-0.2989235727676851,-0.3030845680918528,-0.3069304701009586,-0.3105018845038526,-0.3138345657584029,-0.3169603080250935,-0.3199076561656855,-0.3227024795132476,-0.3253684397011874,-0.3279273758591431,-0.3303996248154226,-0.3328042898729682,-0.3351594687498656,-0.3374824490776959,-0.3397898782072299,-0.3420979128278652,-0.3444223529669439,-0.346778764198744,-0.3491825913641626,-0.3516492666757936,-0.3541943147904728,-0.3568334572635926,-0.3595827186797904,-0.3624585367875901,-0.3654778790794929,-0.368658368509783,-0.372018421437447,-0.3755774015145179,-0.379355794120016,-0.3833754072137962,-0.3876596063721072,-0.3922335944194421,-0.3971247501037948,-0.4023630462656675,-0.4079815772315064,-0.4140172398351988,-0.4205116366761635,-0.4275123107657594,-0.4350744930405388,-0.44326367761038,-0.452159603029304,-0.4618627742921074,-0.4725059494372146,-0.4842763740415174,-0.4974648365873311,-0.5125977326885717,-0.5309468078521092
0.52,-0.2978032470316199,-0.3029031737929036,-0.3075863853430036,-0.3119071336944372,-0.3159122091063812,-0.3196423998924011,-0.323133627466749,-0.3264178410645789,-0.3295237317146773,-0.3324773083279433,-0.3353023672955969,-0.3380208789896614,-0.3406533088739192,-0.3432188868493703,-0.3457358354731166,-0.3482215654843494,-0.3506928454204822,-0.3531659508566203,-0.3556567978542248,-0.3581810644612863,-0.3607543035692679,-0.3633920499967761,-0.3661099243706852,-0.368923736190929,-0.3718495883430666,-0.3749039853350411,-0.378103947637617,-0.3814671347393589,-0.3850119798997813,-0.3887578401896004,-0.3927251662498496,-0.3969356974275851,-0.4014126897685061,-0.4061811869088629,-0.4112683478143468,-0.4167038511332489,-0.4225204049354231,-0.4287544048628239,-0.4354468072506093,-0.4426443232192679,-0.4504011101593976,-0.4587812669375996,-0.4678626958562452,-0.4777434367742967,-0.4885528358763794,-0.5004731881230458,-0.5137875313692649,-0.5290084156487312,-0.5473752512254293
0.53,-0.3063166954792145,-0.3115815067783135,-0.316428563967042,-0.3209123529943838,-0.3250798712995142,-0.3289720936635454,-0.332625112075965,-0.336071034287608,-0.3393387008082931,-0.3424542633500943,-0.345441656217453,-0.3483229841223338,-0.3511188442021539,-0.3538485959227072,-0.3565305895540644,-0.3591823616947046,-0.3618208046615783,-0.3644623153071022,-0.3671229278694621,-0.3698184347117009,-0.372564498258831,-0.3753767570002913,-0.3782709281118441,-0.3812629090614669,-0.3843688804254431,-0.3876054121423589,-0.3909895755197891,-0.3945390635217358,-0.3982723222146812,-0.4022086968279276,-0.4063685966894598,-0.4107736844763018,-0.4154470969762098,-0.4204137070289466,-0.4257004400921987,-0.4313366645270395,-0.4373546833805905,-0.4437903693727425,-0.4506840075421463,-0.4580814484402873,-0.466035743236276,-0.4746095585338927,-0.483878918690097,-0.4939393517523949,-0.5049167400656511,-0.5169883702537399,-0.5304294647666571,-0.5457386516202114,-0.5641228938506124
0.54,-0.3150101476339749,-0.3204433209449601,-0.3254576729610437,-0.3301079283500966,-0.3344412960756962,-0.3384989413945171,-0.3423171306278839,-0.3459281336159292,-0.3493609437925857,-0.352641859020913,-0.3557949547980549,-0.3588424733946765,-0.3618051467772122,-0.3647024670545176,-0.3675529151872171,-0.3703741564778451,-0.3731832096953579,-0.3759965954239045,-0.3788304682636415,-0.3817007367527683,-0.3846231743248823,-0.3876135241646213,-0.3906876005015552,-0.393861388681743,-0.3971511462059279,-0.4005735069116791,-0.4041455905481113,-0.4078851201867055,-0.4118105502387371,-0.415941208399577,-0.4202974556087255,-0.4249008692439038,-0.4297744564607341,-0.4349429069707283,-0.4404328982006636,-0.4462734712444433,-0.4524965044264143,-0.4591373248099852,-0.4662355200654725,-0.4738360504480656,-0.4819908272146255,-0.4907610467681926,-0.5002208130974385,-0.510463095354359,-0.5216102601875378,-0.5338345290900086,-0.5474032466314342,-0.5628010471384896,-0.5812023447986248
0.55,-0.3238913605606511,-0.3294965229785035,-0.3346817672114698,-0.3395020616071931,-0.3440048311622236,-0.3482314357702039,-0.3522183199865524,-0.3559979194546344,-0.3595993841122609,-0.3630491614572678,-0.3663714715904392,-0.3695886976882687,-0.3727217098256111,-0.3757901359504311,-0.3788125908005895,-0.3818068713249583,-0.3847901254996639,-0.3877790001593249,-0.390789772493575,-0.3938384690922878,-0.3969409758589259,-0.400113141650555,-0.4033708781704317,-0.4067302584245428,-0.4102076158992333,-0.4138196465751468,-0.4175835159688867,-0.4215169735535246,-0.4256384772214091,-0.4299673309720176,-0.4345238397395657,-0.4393294863563242,-0.4444071372764976,-0.4497812859768762,-0.4554783464750961,-0.4615270146936541,-0.4679587235323369,-0.474808230614318,-0.4821143990864711,-0.4899212680977561,-0.4982795742685614,-0.5072490049490473,-0.5169017006408447,-0.5273280241875563,-0.5386467749260092,-0.5510250535677604,-0.5647222669765923,-0.5802089893323282,-0.5986269956245132
0.56,-0.332968605664442,-0.3387495438145738,-0.3441094356599085,-0.3491034983772273,-0.3537793776781152,-0.3581786324168137,-0.3623378894392606,-0.3662897540546415,-0.3700635364293091,-0.3736858373217728,-0.3771810249868397,-0.3805716269900765,-0.3838786549255232,-0.3871218759008025,-0.3903200416326383,-0.3934910837607404,-0.3966522823094541,-0.3998204129483928,-0.4030118777257474,-0.4062428231728288,-0.4095292491048965,-0.4128871109724922,-0.4163324182744159,-0.4198813313172108,-0.4235502584392415,-0.4273559557614805,-0.4313156315875788,-0.4354470577164215,-0.4397686902198636,-0.4442998027294338,-0.4490606359709707,-0.4540725683193456,-0.4593583137104822,-0.4649421554499081,-0.4708502278569223,-0.4771108627915489,-0.4837550259741253,-0.49081688070072,-0.4983345373116776,-0.5063510819243785,-0.5149160407493919,-0.5240875523263585,-0.5339357498999922,-0.5445483423471036,-0.5560405104691545,-0.568574179933578,-0.5824007630170375,-0.5979767130866022,-0.6164110877709064
0.57,-0.342250715335614,-0.3482113861812751,-0.3537498497332514,-0.3589215773460794,-0.3637744403119707,-0.3683502009411448,-0.3726856725898463,-0.3768136342533231,-0.3807635602049302,-0.3845622082406563,-0.3882340984678159,-0.391801906468798,-0.3952867889068891,-0.3987086555016642,-0.4020863982715509,-0.4054380866987661,-0.4087811357862048,-0.4121324526900009,-0.415508566626615,-0.4189257459680942,-0.4224001058577413,-0.4259477091931439,-0.429584663480836,-0.4333272158066637,-0.4371918480135395,-0.4411953740861289,-0.445355041797584,-0.4496886407915765,-0.4542146195399738,-0.4589522140794447,-0.4639215920887974,-0.4691440168543151,-0.4746420371720967,-0.4804397113498653,-0.4865628767468721,-0.4930394812211177,-0.4999000004460978,-0.5071779773464368,-0.5149107399993957,-0.5231403884179417,-0.5319152015691486,-0.5412917285326115,-0.5513380509312704,-0.5621391758690483,-0.5738066149525833,-0.586497066163894,-0.6004538936638817,-0.6161193756903575,-0.6345697875944788
0.58,-0.3517471350173617,-0.3578916776692523,-0.3636128174044902,-0.3689662853148349,-0.3740001833330682,-0.3787564819027897,-0.3832721852836406,-0.3875802503445757,-0.3917103195078523,-0.3956893115442067,-0.3995419022694427,-0.4032909190641237,-0.4069576673587366,-0.4105622030766659,-0.414123561988813,-0.4176599546840094,-0.4211889341666227,-0.424727541799294,-0.4282924363155078,-0.4319000098324396,-0.4355664942030442,-0.4393080605500283,-0.4431409144708733,-0.4470813891297626,-0.4511460382874755,-0.4553517312129184,-0.4597157514599149,-0.4642559015913902,-0.4689906161774868,-0.4739390858289061,-0.4791213956491366,-0.4845586824269571,-0.4902733163302618,-0.4962891148854922,-0.502631600197444,-0.5093283150622233,-0.516409221065853,-0.5239072135032139,-0.5318588075124664,-0.5403050827519003,-0.5492930330425018,-0.5588775764915601,-0.5691246981872897,-0.5801166556416263,-0.5919612413476145,-0.6048098748800826,-0.6188978225029378,-0.6346531399900864,-0.6531192698423804
0.59,-0.3614679814730167,-0.367800730120342,-0.3737088436898884,-0.3792483187934579,-0.3844674932703774,-0.3894085505681628,-0.394108690427001,-0.3986010519551738,-0.4029154499396559,-0.4070789682340439,-0.4111164423863286,-0.4150508555200927,-0.4189036656881906,-0.4226950787576842,-0.4264442778378605,-0.4301696180062907,-0.4338887933879429,-0.4376189823411747,-0.441376975502519,-0.445179290638506,-0.4490422776508226,-0.4529822165732598,-0.4570154110342898,-0.4611582793721992,-0.4654274454123142,-0.4698398307934994,-0.4744127507499356,-0.4791640153522495,-0.4841120383950595,-0.4892759565733899,-0.494675762137933,-0.5003324531293208,-0.5062682066643724,-0.5125065826834588,-0.5190727686202565,-0.5259938799769436,-0.533299338965831,-0.5410213647213526,-0.5491956275008986,-0.5578621511523078,-0.5670666053767139,-0.5768622349597137,-0.5873128830887094,-0.5984980099692154,-0.6105216400223604,-0.6235298659185551,-0.6377498104514707,-0.6535952672561365,-0.6720768109457699
0.6,-0.3714241081616486,-0.3779496062613345,-0.3840491985262999,-0.389779153108065,-0.3951880492371286,-0.4003182884406202,-0.4052072706755594,-0.4098883219544038,-0.4143914337202024,-0.4187438592362704,-0.4229705979853277,-0.4270947929530813,-0.4311380588372646,-0.4351207553456387,-0.4390622166546861,-0.4429809458367595,-0.4468947813563114,-0.4508210414267068,-0.4547766510080929,-0.4587782554146228,-0.4628423238819372,-0.4669852459350078,-0.4712234230090082,-0.4755733574838965,-0.4800517410988262,-0.4846755445744087,-0.4894621102773794,-0.494429249833625,-0.4995953487639901,-0.5049794806392918,-0.5106015337653123,-0.5164823542720443,-0.5226439107936346,-0.5291094877762945,-0.5359039173850099,-0.5430538643305547,-0.5505881848563596,-0.5585383920728029,-0.5669392781033464,-0.5758297742990994,-0.5852541862002687,-0.5952640421284905,-0.6059209976372479,-0.6173016681782939,-0.6295062623385598,-0.6426754999608919,-0.6570283194935579,-0.6729642211642631,-0.6914608934784393
0.61,-0.3816271787907556,-0.3883501946720753,-0.3946459931381484,-0.4005711201513348,-0.4061744020502512,-0.4114984637355363,-0.4165809104354996,-0.4214552596042762,-0.4261516841593838,-0.4306976111854442,-0.4351182084934458,-0.4394367832363302,-0.4436751109575926,-0.4478537092697874,-0.4519920672966344,-0.4561088397414855,-0.4602220127305509,-0.4643490472620409,-0.4685070050720708,-0.4727126609058552,-0.4769826045536387,-0.4813333354880685,-0.48578135253959,-0.4903432407405401,-0.4950357572605855,-0.4998759182020079,-0.5048810880138475,-0.510069073336316,-0.5154582232311743,-0.5210675381510753,-0.5269167904778285,-0.5330266602793905,-0.5394188911868992,-0.5461164730587268,-0.553143860925208,-0.560527243868924,-0.5682948841848735,-0.5764775577009863,-0.5851091437929349,-0.594227443389841,-0.6038753567617839,-0.6141026518898457,-0.6249687507033268,-0.6365473768997826,-0.6489348769354601,-0.662266554858221,-0.6767531291481292,-0.6927797845440598,-0.7112913234562447
0.62,-0.3920897503072981,-0.3990152943734058,-0.4055122662034857,-0.4116374961091008,-0.4174400635010633,-0.4229628221797706,-0.4282435878117034,-0.4333160743750685,-0.4382106409622444,-0.4429548932085071,-0.4475741718526729,-0.4520919527136889,-0.4565301765772817,-0.4609095232010031,-0.4652496406960663,-0.4695693391698362,-0.4738867558395961,-0.4782194974888691,-0.4825847651093258,-0.4869994647384231,-0.4914803078616046,-0.4960439042127031,-0.5007068493928898,-0.5054858094082075,-0.5103976040040067,-0.5154592905041026,-0.5206882498369708,-0.5261022764649279,-0.5317196740509562,-0.537559359076879,-0.5436409750547138,-0.5499850207651947,-0.5566129971411641,-0.5635475790782173,-0.5708128212545639,-0.5784344108615272,-0.5864399868051411,-0.59485955491443,-0.6037260458117678,-0.6130760907868124,-0.6229511427184834,-0.6333991646994743,-0.6444772989109298,-0.6562563309514784,-0.6688287006186097,-0.6823242565811621,-0.6969454675684039,-0.7130631908354217,-0.7315893624198854
0.63,-0.4028253668216347,-0.4099587105582276,-0.4166620813707645,-0.422992600742745,-0.4289996073844607,-0.4347261897700762,-0.4402103794449392,-0.4454860921144288,-0.4505838780820941,-0.4555315264494115,-0.4603545556979558,-0.46507661503484,-0.4697198150775657,-0.4743050021619306,-0.4788519875967987,-0.4833797408103547,-0.487906553650953,-0.4924501817581173,-0.4970279678809245,-0.5016569511770796,-0.5063539658718423,-0.5111357321077813,-0.5160189413894468,-0.5210203386913878,-0.5261568030641491,-0.5314454283805463,-0.5369036058326996,-0.5425491097933423,-0.5484001887593725,-0.5544756634463714,-0.5607950344962307,-0.5673786030105724,-0.5742476082491704,-0.5814243884148108,-0.5889325731450565,-0.5967973199682465,-0.6050456134198531,-0.6137066550914301,-0.6228123894015632,-0.6323982375188136,-0.6425041617972322,-0.6531762753086027,-0.6644693943935908,-0.6764513210960189,-0.6892105461362207,-0.7028714270608724,-0.7176281596006909,-0.7338372725369899,-0.7523778766178106
0.64,-0.4138486662429615,-0.4211953632784613,-0.4281106379728265,-0.4346519101071867,-0.4408687841992897,-0.4468045894356094,-0.4524975789346995,-0.4579818755789864,-0.4632882261619426,-0.4684446084058206,-0.4734767235865226,-0.4784083992445772,-0.4832619206420285,-0.4880583053267325,-0.4928175321957136,-0.4975587340659729,-0.5023003610711487,-0.5070603208467623,-0.5118561004169381,-0.5167048738420954,-0.5216235990168839,-0.5266291064479234,-0.5317381823988941,-0.536967648439548,-0.5423344391875015,-0.5478556798220783,-0.5535487649022303,-0.5594314400046072,-0.5655218877789832,-0.5718388203475678,-0.5784015803285398,-0.5852302534832218,-0.5923457970468889,-0.5997701893129742,-0.607526608641187,-0.6156396535121047,-0.6241356214847202,-0.6330428740882461,-0.6423923306089151,-0.6522181603350382,-0.6625587910088505,-0.6734584400638312,-0.6849695521221718,-0.6971569013770761,-0.710104989547501,-0.7239326517319933,-0.7388257945779505,-0.7551266294730571,-0.7736815060952777
0.65,-0.4251755017523771,-0.43274141125488,-0.4398743971453965,-0.4466321849515506,-0.4530646518062554,-0.459215373929684,-0.4651228319795444,-0.4708213617298382,-0.4763419120030671,-0.4817126545537583,-0.4869594787562302,-0.4921063956750429,-0.4971758702633134,-0.5021890961310351,-0.5071662243455443,-0.5121265553396503,-0.517088701304249,-0.5220707250780316,-0.5270902604860779,-0.5321646182136441,-0.5373108806170432,-0.5425459882996149,-0.5478868208240338,-0.5533502735652198,-0.5589533324461062,-0.564713148071693,-0.5706471107141787,-0.5767729275671346,-0.5831087037453788,-0.5896730288153381,-0.5964850709575038,-0.6035646815487651,-0.6109325139531715,-0.6186101617453754,-0.6266203241013936,-0.6349870093578682,-0.6437357937809588,-0.6528941613626975,-0.662491965818259,-0.6725620815285244,-0.6831413566417371,-0.6942720669952598,-0.7060042400262808,-0.718399579258302,-0.7315385604121915,-0.745534469766247,-0.7605649168316655,-0.7769578199035632,-0.7955268568022992
0.66,-0.4368230806671605,-0.4446143934124651,-0.4519712260011395,-0.4589516175013421,-0.4656057247893603,-0.47197737774333,-0.4781052908173696,-0.4840240186758995,-0.4897647179896489,-0.4953557602335856,-0.5008232284550002,-0.5061913227018541,-0.5114826929114052,-0.5167187138268324,-0.5219197135080783,-0.5271051643616737,-0.5322938445407083,-0.5375039753589653,-0.542753339966681,-0.548059387318462,-0.5534393248608578,-0.5589102027692313,-0.5644889920841147,-0.5701926587238557,-0.5760382350653751,-0.582042890544416,-0.5882240026504597,-0.5945992296293278,-0.6011865862608562,-0.6080045243447137,-0.6150720198283243,-0.6224086691522395,-0.6300347983401973,-0.6379715897203291,-0.6462412336031902,-0.6548671152510268,-0.6638740535286013,-0.6732886157053338,-0.6831395479515809,-0.6934583854682134,-0.7042803510169685,-0.7156457326904693,-0.7276020959395538,-0.7402080326277687,-0.7535399588937597,-0.7677055914596373,-0.7828742434786603,-0.7993595789036504,-0.8179427200355808
0.67,-0.4488101237785795,-0.4568333912828154,-0.4644205630592291,-0.4716299998797247,-0.4785121458353633,-0.4851110914113157,-0.4914657914283246,-0.4976110257460566,-0.5035781650045699,-0.5093957863859663,-0.5150901724818058,-0.5206857180582478,-0.5262052636095819,-0.531670370364595,-0.5371015483063797,-0.5425184464577636,-0.5479400129264732,-0.5533846308339844,-0.5588702351663324,-0.5644144146933875,-0.570034502387608,-0.5757476571720248,-0.5815709393314052,-0.5875213815311524,-0.5936160570860761,-0.599872146868109,-0.6063070061450637,-0.6129382325666276,-0.6197837365457498,-0.626861815528803,-0.6341912339189397,-0.6417913110222975,-0.6496820202917596,-0.6578841044266038,-0.6664192132512401,-0.6753100741237901,-0.6845807104947427,-0.6942567319539725,-0.7043657336008858,-0.7149378659768831,-0.7260066799620768,-0.7376104297583669,-0.749794174989608,-0.7626133571155386,-0.7761403030832702,-0.7904771456431207,-0.805784912359665,-0.8223630672239737,-0.8409603228439172
0.68,-0.4611570489033569,-0.469419216085585,-0.4772436088132796,-0.4846889181206787,-0.4918058831530378,-0.4986388623005272,-0.5052270576575192,-0.5116054809136823,-0.517805723125577,-0.5238565734919193,-0.5297845203357934,-0.5356141591890782,-0.5413685269627824,-0.5470693769556734,-0.5527374063447964,-0.5583924454878543,-0.5640536166021239,-0.5697394680045803,-0.5754680889997035,-0.5812572095954978,-0.5871242884961321,-0.5930865922021141,-0.599161267536109,-0.6053654095058415,-0.6117161260980993,-0.6182306013269961,-0.6249261577479971,-0.6318203195568451,-0.6389308774027878,-0.646275956273949,-0.6538740880528435,-0.6617442909137973,-0.6699061585934569,-0.6783799637776744,-0.6871867821447222,-0.6963486462544133,-0.7058887441494898,-0.7158316849949933,-0.726203867657841,-0.737034011469952,-0.7483539483417407,-0.7601998526668984,-0.7726142356965274,-0.7856493524479146,-0.7993734156581593,-0.8138829668544835,-0.829330769596644,-0.8460021596945403,-0.8646136176173188
0.69,-0.4738861832124743,-0.4823946251402778,-0.4904635461754317,-0.4981519765971248,-0.505510958839478,-0.5125851268709921,-0.5194139373297885,-0.5260326407267438,-0.5324730553350158,-0.5387641890292177,-0.5449327423954731,-0.5510035181124617,-0.5569997556827555,-0.5629434063584389,-0.5688553599919994,-0.5747556332250985,-0.5806635266553146,-0.5865977572307918,-0.592576571011256,-0.5986178405132351,-0.6047391501068342,-0.610957872297979,-0.6172912371983809,-0.6237563970616788,-0.6303704874314602,-0.6371506861576705,-0.6441142714135175,-0.6512786797344664,-0.6586615650931301,-0.6662808602353191,-0.6741548417144764,-0.682302200606447,-0.6907421217034649,-0.6994943751302287,-0.7085794265608415,-0.7180185746839682,-0.7278341300871388,-0.7380496568315953,-0.748690310995448,-0.7597833329427806,-0.7713587881778107,-0.7834507258729216,-0.7960990680500614,-0.8093528505093233,-0.8232761520279591,-0.8379599237299523,-0.8535486988580687,-0.870313775634184,-0.8889396145511157
0.7,-0.4870220099387785,-0.4957845733174522,-0.5041057966117414,-0.512045058783822,-0.5196537142164885,-0.5269766805344624,-0.5340536765819616,-0.5409201990681926,-0.5476083006658581,-0.55414721496472,-0.5605638617195687,-0.5668832574991534,-0.5731288509138144,-0.5793227973615062,-0.5854861851154947,-0.5916392222544109,-0.5978013921556369,-0.6039915838722866,-0.6102282025886432,-0.6165292644123566,-0.6229124789925315,-0.6293953228014555,-0.6359951053674541,-0.6427290303042276,-0.6496142526338861,-0.6566679335938469,-0.663907293980437,-0.6713496669550214,-0.6790125512131678,-0.686913665614662,-0.6950710065564314,-0.7035029098913405,-0.7122281199714328,-0.7212658694751957,-0.7306359758606538,-0.7403589625749207,-0.7504562185364512,-0.7609502161491765,-0.7718648205646503,-0.7832257445368886,-0.7950612395208025,-0.807403184888659,-0.820288874741372,-0.8337640967251986,-0.8478887820250519,-0.8627483012405728,-0.878479004344629,-0.8953382631980329,-0.9139787680608624
0.71,-0.5005914563818286,-0.5096165065806253,-0.5181983191511885,-0.5263966316665573,-0.5342631195760351,-0.5418429926752362,-0.5491762401013548,-0.5562986125577966,-0.5632424047160669,-0.5700370833341121,-0.5767097946486085,-0.5832857762558997,-0.5897886927609147,-0.596240910233975,-0.6026637213966309,-0.6090775311313681,-0.6155020101232159,-0.6219562230295601,-0.6284587364343166,-0.6350277108890985,-0.6416809805549569,-0.6484361232879567,-0.6553105234422216,-0.6623214292026687,-0.6694860058968637,-0.676821386409412,-0.6843447196739916,-0.6920732180747863,-0.700024204548227,-0.7082151603604175,-0.7166637746962249,-0.7253879976936138,-0.7344060992977537,-0.7437367373298277,-0.7533990403008938,-0.7634127126156097,-0.773798175068467,-0.7845767599250375,-0.7957709918249963,-0.8074050064604039,-0.8195051936834915,-0.832101219706374,-0.8452277147137609,-0.8589271938466357,-0.8732554340385817,-0.8882922454384535,-0.904165856616885,-0.921119846898423,-0.9397754267955326
0.72,-0.514624231812076,-0.5239207063861382,-0.5327719611984284,-0.5412381028883623,-0.5493711375838434,-0.5572165762385047,-0.5648146868298596,-0.5722014823068126,-0.5794095073854403,-0.5864684699187591,-0.5934057503618024,-0.6002468149140638,-0.6070155514641614,-0.6137345436437418,-0.6204252949518644,-0.6271084126657005,-0.6338037594320487,-0.6405305790209861,-0.6473076015642873,-0.6541531326299337,-0.6610851296738127,-0.668121268719346,-0.6752790035258981,-0.6825756190255,-0.69002828043,-0.6976540790658313,-0.705470075835459,-0.7134933430455873,-0.7217410052881668,-0.73023028023366,-0.7389785203358568,-0.7480032569255143,-0.7573222488800673,-0.7669535390221347,-0.7769155234917909,-0.7872270412885758,-0.7979074963132825,-0.8089770302907459,-0.8204567763831969,-0.8323692431865644,-0.8447389117819295,-0.8575931935717775,-0.8709640221538217,-0.8848906211999338,-0.8994246147388202,-0.9146402839982998,-0.9306578144105816,-0.9477071513359522,-0.9663783603685148
0.73,-0.529153226045935,-0.5387306959193575,-0.5478608723325531,-0.5566042420160326,-0.5650131519226268,-0.5731334236631306,-0.5810056131032496,-0.5886660041852548,-0.5961474002337225,-0.6034797585523016,-0.6106907021048331,-0.6178059337174414,-0.6248495722949398,-0.6318444263079264,-0.6388122166869767,-0.6457737589287434,-0.6527491124179305,-0.659757703533789,-0.6668184279372247,-0.6739497364435021,-0.6811697080526695,-0.6884961129982354,-0.6959464680632076,-0.7035380859129141,-0.7112881197948036,-0.7192136046060132,-0.7273314951449501,-0.7356587022044785,-0.7442121270907921,-0.7530086953206823,-0.7620653903702093,-0.771399288810688,-0.7810275988515474,-0.7909677052253564,-0.8012372254018318,-0.8118540839213193,-0.8228366166453834,-0.8342037224524755,-0.8459750908344698,-0.8581715529005853,-0.8708156346040667,-0.8839324531370998,-0.8975512169112995,-0.9117078454884564,-0.926449820499175,-0.94184593864726,-0.9580084386683893,-0.9751538176434033,-0.9938413793477467
0.74,-0.5442149822824375,-0.5540837220187916,-0.5635029952006492,-0.5725336802892782,-0.5812284757871841,-0.5896335240174576,-0.5977896783272195,-0.6057335029428298,-0.6134980688831757,-0.621113591867662,-0.6286079461295518,-0.6360070796853748,-0.6433353506670946,-0.6506158000910771,-0.6578703733195297,-0.6651201001370625,-0.672385241557255,-0.6796854100260845,-0.687039668498529,-0.6944666128526491,-0.7019844412483327,-0.709611013303706,-0.7173639013284774,-0.7252604353344753,-0.7333177431170163,-0.7415527863764849,-0.7499823935722382,-0.7586232901353913,-0.7674921264998782,-0.7766055046173213,-0.7859800037138553,-0.7956322065006637,-0.8055787277098986,-0.8158362477064446,-0.826421555926112,-0.8373516105801504,-0.8486436259278252,-0.8603152038550845,-0.8723845369393505,-0.8848707283903628,-0.8977943039677411,-0.911178050176882,-0.9250484265757568,-0.939438043382878,-0.9543902608062266,-0.9699684498871054,-0.9862770192329644,-1.0035192330839435,-1.0222240691120117
0.75,-0.5598502614885914,-0.5700213304070797,-0.5797406514521694,-0.5890695071208594,-0.5980609588174068,-0.6067614802372946,-0.6152122323979197,-0.6234500696955637,-0.6315083405347519,-0.6394175285926808,-0.6472057687460814,-0.6548992633276992,-0.6625226184373921,-0.6700991158070841,-0.677650932603745,-0.6851993192211443,-0.6927647432964964,-0.7003670067265865,-0.7080253412480786,-0.7157584871120393,-0.7235847584998774,-0.7315220985683076,-0.7395881263565299,-0.7478001772448828,-0.7561753382147647,-0.7647304788196505,-0.7734822784884299,-0.7824472507126352,-0.791641764489663,-0.8010820636026653,-0.810784284393961,-0.8207644731431778,-0.8310386047934754,-0.8416226056246844,-0.8525323844188809,-0.8637838782585591,-0.8753931238055513,-0.8873763700734252,-0.8997502586780469,-0.9125321149095718,-0.9257404211547174,-0.9393956004763307,-0.9535213458639618,-0.9681469615920548,-0.9833117194036723,-0.9990736397856552,-1.015529440114341,-1.0328693998744554,-1.0515926638171118
0.76,-0.576104720514259,-0.586590056835366,-0.5966212457401764,-0.6062599867872098,-0.615559716316046,-0.6245672507142953,-0.6333240695107046,-0.6418673278116838,-0.650230661758747,-0.6584448331913529,-0.6665382476583636,-0.6745373715644144,-0.6824670683002096,-0.6903508689898239,-0.6982111903783454,-0.7060695100505077,-0.7139465073495246,-0.7218621768894039,-0.7298359203231656,-0.7378866209701902,-0.7460327049948217,-0.7542921920433441,-0.7626827375669126,-0.771221668492462,-0.779926013448541,-0.7888125283995404,-0.7978977182429993,-0.8071978548534835,-0.81672899186723,-0.8265069767159302,-0.8365474604842095,-0.8468659066191845,-0.8574776001383999,-0.8683976598130061,-0.8796410577024842,-0.8912226519349788,-0.903157243171207,-0.9154596701056728,-0.9281449688762188,-0.9412286377456082,-0.9547270751653404,-0.9686583126751456,-0.9830432661146532,-0.9979079473038168,-1.0132875861360664,-1.0292349459449812,-1.0458392165318706,-1.0632779766295606,-1.0820210940432602
0.77,-0.593029732663635,-0.6038422634194177,-0.6141981176110556,-0.6241594256663143,-0.6337800116352263,-0.6431070466380406,-0.6521823402720222,-0.6610433596157347,-0.6697240396299452,-0.6782554312563348,-0.6866662214720043,-0.6949831512081742,-0.7032313511127032,-0.7114346109333423,-0.7196155951966317,-0.7277960155267024,-0.7359967681195282,-0.7442380433986834,-0.7525394136210388,-0.7609199031197752,-0.769398044926429,-0.7779919267033953,-0.7867192282117675,-0.7955972519516135,-0.8046429481414585,-0.8138729348380332,-0.8233035136893181,-0.8329506817453695,-0.8428301395532596,-0.8529572959890781,-0.8633472703353432,-0.8740148925781119,-0.8849747034971516,-0.8962409569454228,-0.9078276285553514,-0.9197484365809117,-0.9320168849454774,-0.9446463432570832,-0.957650187625098,-0.9710420417573816,-0.984836183106318,-0.9990482294220884,-1.0136963173545803,-1.028803191496099,-1.0444001021699805,-1.0605346694304567,-1.077288746735236,-1.094827535573361,-1.1135922516092462
0.78,-0.610683388305621,-0.6218371584708862,-0.6325315802965603,-0.642829229736562,-0.6527843321346519,-0.6624444261735195,-0.6718516638645479,-0.6810438363194374,-0.6900551892130301,-0.6989170743492088,-0.7076584717012739,-0.7163064079607565,-0.7248862917125652,-0.7334221811689493,-0.7419369973031577,-0.750452692896594,-0.7589903861776774,-0.767570466224499,-0.7762126760204621,-0.7849361779418745,-0.7937596054772763,-0.8027011041389902,-0.811778363792173,-0.8210086440173077,-0.8304087936352613,-0.8399952651488879,-0.8497841245388513,-0.8597910567890474,-0.870031367313385,-0.8805199796976388,-0.8912714302230771,-0.9022998601144516,-0.9136190070486444,-0.925242198275148,-0.9371823494886464,-0.9494519750283325,-0.9620632191870394,-0.9750279226610992,-0.9883577476194516,-1.0020643980368922,-1.0161599979170586,-1.0306577361328664,-1.0455729782719003,-1.0609252406290934,-1.0767418740364365,-1.0930654923793166,-1.109970834519752,-1.1276110918325024,-1.1463995281762094
0.79,-0.6291317252292843,-0.6406420504835304,-0.6516901980074109,-0.6623392048609117,-0.6726437121467528,-0.682651639806012,-0.6924054954804364,-0.7019434072634206,-0.7112999443458438,-0.7205067720722074,-0.7295931758902825,-0.7385864803577776,-0.747512383471278,-0.756395222419224,-0.7652581837828338,-0.7741234688868937,-0.7830124231599752,-0.7919456368391323,-0.8009430230438078,-0.8100238780995188,-0.8192069279803313,-0.828510363860431,-0.8379518690117466,-0.8475486386387133,-0.8573173937502131,-0.8672743897869887,-0.8774354203699045,-0.8878158165504973,-0.8984304416518979,-0.9092936821214288,-0.9204194348344522,-0.9318210917988168,-0.9435115237434016,-0.9555030650961353,-0.96780750411172,-0.980436084121228,-0.9933995248792356,-1.0067080780490252,-1.020371639048926,-1.0343999504398058,-1.048802956270201,-1.063591410248434,-1.0787779271664275,-1.094378849869868,-1.1104177302405662,-1.1269323390649049,-1.1439905565889503,-1.1617339792528325,-1.180548702584173
0.8,-0.6484502552683502,-0.6603339040744008,-0.6717523707853088,-0.6827691701507685,-0.6934393744612907,-0.7038112995647634,-0.7139278229139246,-0.7238274235223376,-0.7335450079162537,-0.7431125686930291,-0.7525597102791126,-0.7619140681855301,-0.7712016421841547,-0.7804470596922266,-0.7896737825920835,-0.7989042683981893,-0.8081600948347252,-0.8174620553400651,-0.8268302316778822,-0.8362840486477716,-0.8458423148432571,-0.8555232524876132,-0.8653445185949552,-0.875323219033626,-0.8854759165648458,-0.8958186335402805,-0.9063668495846492,-0.9171354946242402,-0.9281389373233544,-0.9393909693565996,-0.950904785961326,-0.9626929637542244,-0.9747674373270664,-0.9871394771546202,-0.9998196725855348,-1.0128179258174412,-1.0261434656556352,-1.0398048946715452,-1.0538102911055962,-1.0681673991312954,-1.0828839638679222,-1.097968308400659,-1.1134303314149483,-1.1292832757014712,-1.1455470180744018,-1.1622546788206654,-1.179467573440193,-1.197316171998036,-1.2161602768956468
0.81,-0.6687258773817701,-0.6810012897967809,-0.692808320533545,-0.7042109797065149,-0.7152647872764443,-0.7260184706959089,-0.7365152924808795,-0.7467940976122927,-0.756890144917859,-0.7668357691300776,-0.7766609083210955,-0.7863935231524881,-0.7960599285342809,-0.8056850541858817,-0.8152926475530019,-0.8249054302290346,-0.8345452171732436,-0.8442330064484141,-0.8539890458293704,-0.8638328814064253,-0.8737833922187346,-0.8838588139974014,-0.8940767542822167,-0.904454200479737,-0.9150075219154944,-0.9257524665376826,-0.9367041525694244,-0.94787705546845,-0.959284990245764,-0.9709410896055628,-0.982857778386006,-0.9950467453487176,-1.0075189139030936,-1.020284414377164,-1.0333525616279162,-1.046731843912534,-1.0604299316561958,-1.074453719372133,-1.0888094212076258,-1.1035027523390946,-1.1185392495884483,-1.1339248231228294,-1.1496667073641371,-1.1657751400826446,-1.1822664737091806,-1.1991694038162108,-1.21653901761741,-1.2344951864620612,-1.2533723964040542
0.82,-0.690059301193571,-0.7027468542060032,-0.7149626069486189,-0.7267710837613074,-0.7382282699097908,-0.7493833213075173,-0.7602799019805973,-0.7709572391720538,-0.7814509602768299,-0.7917937583771564,-0.802015921184066,-0.8121457499703714,-0.8222098892762064,-0.8322335841086732,-0.8422408783456715,-0.8522547657601471,-0.8622973032170249,-0.8723896939995565,-0.8825523478112522,-0.8928049227265153,-0.903166353224925,-0.913654867447766,-0.9242879959639762,-0.935082573610458,-0.9460547354465602,-0.9572199074639544,-0.9685927923336296,-0.9801873505627632,-0.9920167771293288,-1.0040934741125207,-1.0164290198690416,-1.0290341359013342,-1.0419186531156055,-1.0550914801875446,-1.0685605779225338,-1.08233294555897,-1.0964146274653197,-1.1108107534277725,-1.1255256317536295,-1.1405629264501005,-1.1559259687398538,-1.171618289636996,-1.187644531574799,-1.2040120475034015,-1.22073384708843,-1.2378344643183965,-1.2553631425264296,-1.273429747713143,-1.2923445392172022
0.83,-0.7125681541513058,-0.7256904866575162,-0.7383373531005013,-0.7505738121913905,-0.762456333394918,-0.7740345192217026,-0.7853524529911989,-0.7964497619138329,-0.8073624596995272,-0.8181236155220973,-0.8287638842476622,-0.8393119246686228,-0.8497947267304112,-0.8602378647303739,-0.8706656904899361,-0.8811014782219931,-0.8915675309426855,-0.9020852566514768,-0.9126752210477308,-0.923357182227,-0.9341501116063476,-0.9450722042909008,-0.956140881188073,-0.9673727844587384,-0.9787837673225204,-0.9903888788638592,-1.0022023441166676,-1.0142375398408214,-1.02650696608308,-1.039022214156621,-1.051793931643513,-1.0648317857614216,-1.0781444268885174,-1.0917394551336184,-1.1056233939737297,-1.1198016768787586,-1.1342786555392297,-1.149057642151563,-1.1641410047397087,-1.179530345009699,-1.195226806433995,-1.2112315942242509,-1.2275468554183246,-1.2441772079711466,-1.2611325353911853,-1.2784335167649143,-1.296123988367094,-1.314304478212417,-1.3332622342663891
0.84,-0.7363910182714185,-0.7499734335206945,-0.763076435985799,-0.77576564028202,-0.7880980203405594,-0.800123644821262,-0.8118870356197715,-0.8234282392228068,-0.8347836751042823,-0.8459868080353747,-0.8570686793162193,-0.8680583238383572,-0.8789830941954928,-0.8898689091154021,-0.9007404405483538,-0.9116212514858816,-0.922533894700766,-0.9334999809390528,-0.9445402235866398,-0.9556744654495748,-0.9669216920264706,-0.978300034573083,-0.98982676529904,-1.001518286306485,-1.0133901132875196,-1.0254568546396594,-1.0377321862987796,-1.0502288227395598,-1.0629584843372015,-1.07593186180689,-1.089158578483001,-1.1026471519403676,-1.1164049569362742,-1.1304381927462153,-1.1447518589965646,-1.1593497461528124,-1.1742344490077354,-1.18940741546559,-1.2048690488363258,-1.2206188917480651,-1.2366559367596643,-1.25297914048394,-1.269588280190299,-1.2864854231333651,-1.3036775842421593,-1.3211819421517124,-1.3390374247452548,-1.3573359709396264,-1.3763431740934255
0.85,-0.7616927525487985,-0.775763722710465,-0.7893510116714535,-0.802520812970328,-0.8153306267637527,-0.8278310089780191,-0.840066941056115,-0.852078909903498,-0.8639037621755179,-0.8755753797989357,-0.8871252118470715,-0.8985826898350507,-0.9099755479386652,-0.9213300657328806,-0.9326712481780468,-0.9440229553355288,-0.9554079924015236,-0.9668481689405468,-0.9783643346414592,-0.9899763974518856,-1.0017033286282229,-1.0135631580929996,-1.0255729624930845,-1.037748847592176,-1.0501059260298782,-1.062658291136034,-1.0754189871205233,-1.0883999761964172,-1.1016121028959216,-1.115065056464145,-1.1287673322509102,-1.1427261938063933,-1.1569476378699055,-1.1714363655169415,-1.1861957637409408,-1.2012279036859947,-1.2165335638235553,-1.232112290039721,-1.2479625101360687,-1.2640817294739022,-1.2804668503107492,-1.297114687023242,-1.3140228074344515,-1.3311909529423054,-1.3486235746304576,-1.3663347612083363,-1.3843590974724738,-1.4027807763956863,-1.421845252120494
0.86,-0.7886716275271967,-0.8032634351226017,-0.8173669215400996,-0.8310488838338029,-0.8443673717513706,-0.8573734513297464,-0.8701125864365051,-0.8826257276481131,-0.8949501725126766,-0.9071202440910572,-0.9191678229918836,-0.9311227601664468,-0.9430131922698112,-0.9548657775774276,-0.9667058676411164,-0.9785576276449908,-0.9904441165141386,-1.0023873360739035,-1.014408256916804,-1.026526827097742,-1.03876196836734,-1.0511315634500036,-1.0636524368199043,-1.0763403306464228,-1.0892098769682232,-1.1022745668259184,-1.1155467167298223,-1.1290374331271686,-1.1427565752486868,-1.156712717400883,-1.1709131118170986,-1.1853636539909664,-1.2000688529440564,-1.2150318098141797,-1.230254209304282,-1.2457363301895352,-1.2614770830549835,-1.2774740869837022,-1.2937238018266428,-1.310221741512276,-1.3269628084114955,-1.3439418166999355,-1.3611543266720918,-1.378598026520833,-1.3962751627820158,-1.41419720805267,-1.4323950480667005,-1.4509460769787386,-1.470077306062291
0.87,-0.8175690692297946,-0.8327186354455296,-0.8473748071337399,-0.8616050110819433,-0.8754678717046703,-0.8890149898886195,-0.9022923369598304,-0.9153413528624388,-0.92819981245242,-0.9409025067742156,-0.9534817746307528,-0.9659679119389808,-0.9783894810305496,-0.9907735383551814,-1.0031457963093573,-1.015530732722297,-1.0279516595977918,-1.040430760897678,-1.0529891074197213,-1.0656466551900516,-1.0784222322848265,-1.0913335177158852,-1.1043970149147353,-1.1176280215211216,-1.1310405965896593,-1.144647525994844,-1.1584602864856088,-1.1724890091924087,-1.186742443101058,-1.2012279197865277,-1.2159513206871122,-1.2309170491384294,-1.2461280098176308,-1.2615855991331826,-1.277289711293936,-1.293238766241413,-1.3094297673504975,-1.3258584003889682,-1.34251918942533,-1.359405733808989,-1.3765110639135334,-1.3938281795622092,-1.4113508854711487,-1.4290751456932371,-1.4470014254331152,-1.465139128073414,-1.4835161725691923,-1.5022042217355729,-1.521413746670664
0.88,-0.8486832524434416,-0.8644332260940991,-0.8796842206909685,-0.8945043205945917,-0.908952751731002,-0.9230816766369816,-0.9369376015732236,-0.9505624844012932,-0.9639946069191908,-0.977269258463992,-0.9904192661913684,-1.003475399782905,-1.0164666731673695,-1.0294205622717152,-1.042363155179688,-1.0553192489111256,-1.0683124050767414,-1.0813649747681289,-1.0944981012028447,-1.1077317068932728,-1.1210844704900855,-1.1345737970773275,-1.1482157845563097,-1.1620251878641237,-1.1760153822039434,-1.190198326139541,-1.2045845250905138,-1.2191829961964051,-1.2340012352143477,-1.2490451869704386,-1.2643192208571408,-1.2798261138386635,-1.2955670437776976,-1.311541596807278,-1.3277477934979118,-1.3441821399340268,-1.360839711346213,-1.3777142792763748,-1.3947984970949987,-1.412084166632633,-1.4295626214223358,-1.447225286727294,-1.4650645241924725,-1.483074969893365,-1.501255805340027,-1.5196149964368313,-1.5381783294562084,-1.5570129412338158,-1.5763149036998985
0.89,-0.8823885322393326,-0.8987887512361388,-0.9146837957976864,-0.9301424371852022,-0.9452245314329204,-0.9599828317256984,-0.974464409496685,-0.988711772432248,-1.0027637427880296,-1.0166561427328398,-1.0304223222289977,-1.0440935575159958,-1.0576993433000972,-1.071267598352153,-1.0848248016944717,-1.0983960744167345,-1.1120052201714172,-1.1256747353919363,-1.1394257983087754,-1.1532782439357232,-1.1672505304480874,-1.1813597008995338,-1.1956213430110405,-1.210049548843638,-1.2246568755913638,-1.2394543084332093,-1.2544512260763785,-1.269655370136011,-1.2850728191683598,-1.3007079690954773,-1.3165635217438756,-1.3326404840528756,-1.3489381810172143,-1.365454286069739,-1.3821848735890765,-1.3991244994618526,-1.4162663169287255,-1.43360223806764,-1.4511231547855965,-1.4688192407340532,-1.4866803676265987,-1.5046966929371823,-1.5228595212504226,-1.5411626369546771,-1.5596045232608222,-1.578192439019062,-1.59695098996369,-1.615944152280271,-1.6353560180479871
0.9,-0.9191640187991024,-0.936273519258568,-0.9528709086732632,-0.9690256756577282,-0.9847983365178402,-1.0002422663416055,-1.0154051350786246,-1.0303300361315937,-1.04505637048346,-1.0596205329366375,-1.0740564360863043,-1.088395900487406,-1.1026689347597989,-1.1169039262023537,-1.1311277600853802,-1.1453658836972216,-1.1596423291557785,-1.1739797068700968,-1.188399179371389,-1.2029204231665722,-1.2175615843470975,-1.2323392320769304,-1.2472683128041706,-1.2623621070608178,-1.2776321901636851,-1.2930883978231609,-1.3087387973893794,-1.3245896660587049,-1.3406454769735687,-1.356908895151251,-1.3733807850905548,-1.3900602327149498,-1.4069445847221378,-1.424029508957677,-1.441309080261214,-1.458775897314203,-1.4764212371578818,-1.4942352569280135,-1.51220725579406,-1.5303260169046522,-1.548580261614876,-1.5669592698950627,-1.5854537652491003,-1.6040572530109685,-1.6227682075867784,-1.64159402703924,-1.6605592269516372,-1.6797261760346025,-1.6992697350212251
0.91,-0.9596370195706068,-0.9775268772593668,-0.9948967713128029,-1.011816938471802,-1.0283485865302529,-1.044545745876736,-1.060456721762456,-1.0761252339701508,-1.0915913064066587,-1.1068919530012,-1.1220616956805216,-1.1371329433732549,-1.1521362566287023,-1.167100519522842,-1.1820530382897452,-1.1970195840460691,-1.2120243948252412,-1.227090149820366,-1.2422379263433048,-1.2574871477027898,-1.2728555280806138,-1.2883590187249885,-1.304011758398772,-1.3198260299933684,-1.3358122246642872,-1.3519788145513514,-1.3683323348717995,-1.3848773768389435,-1.4016165924109107,-1.4185507128594126,-1.4356785830959582,-1.4529972142633285,-1.470501857540523,-1.4881861024309693,-1.506042003565798,-1.524060240812828,-1.5422303187015884,-1.5605408137648151,-1.578979681701025,-1.5975346431226494,-1.6161936787740594,-1.6349456865206058,-1.6537813956943372,-1.6726947220934012,-1.691684945237819,-1.710760586332876,-1.7299473248920705,-1.7493076991838816,-1.7690104832074338
0.92,-1.0046517591090944,-1.0234092471200753,-1.041637761658638,-1.059408317020628,-1.0767828435898847,-1.0938160620922666,-1.1105569535571431,-1.1270499105789873,-1.1433356317398409,-1.1594518053310452,-1.1754336183431906,-1.1913141203473585,-1.207124467965888,-1.2228940730633335,-1.2386506757434828,-1.2544203611882492,-1.2702275370701637,-1.2860948856958805,-1.3020433023401374,-1.3180918285991028,-1.3342575872264222,-1.350555722953965,-1.3669993522819186,-1.3835995241620476,-1.4003651929044376,-1.4173032043519875,-1.4344182961024463,-1.4517131132260126,-1.4691882404415932,-1.4868422525874083,-1.5046717852167075,-1.5226716274207104,-1.5408348393765512,-1.5591528972623905,-1.5776158688567976,-1.596212623616656,-1.6149310823328376,-1.6337585139591055,-1.6526818905640617,-1.6716883183761424,-1.6907655751477144,-1.7099028056801728,-1.7290914703385585,-1.7483267280350565,-1.7676096280002476,-1.786950963804547,-1.8063790300345768,-1.8259585835655967,-1.8458559428356505
0.93,-1.0553834585262225,-1.075118389230821,-1.094313833946925,-1.1130416092234607,-1.1313643965124969,-1.1493376422090251,-1.1670110472584312,-1.1844297305239369,-1.2016351269212988,-1.2186656661498707,-1.2355572682999971,-1.2523436869056674,-1.26905672668074,-1.2857263610559115,-1.3023807728139127,-1.3190463390507918,-1.3357475791501685,-1.3525070815069409,-1.3693454215975116,-1.3862810809499715,-1.4033303738495235,-1.4205073864184994,-1.4378239310013017,-1.455289517682908,-1.472911344099657,-1.490694304425119,-1.5086410180996126,-1.526751879547921,-1.5450251294914563,-1.5634569493232218,-1.5820415797356202,-1.6007714650899807,-1.6196374250505676,-1.6386288551496564,-1.6577339584735913,-1.6769400110933887,-1.6962336652325487,-1.7156012968554806,-1.7350294078628317,-1.7545051008749832,-1.7740166567664128,-1.7935542684519512,-1.8131110271269752,-1.8326843451461825,-1.852278191035232,-1.8719069820597167,-1.8916033212443373,-1.911436571087308,-1.9315748402765187
0.94,-1.1135394234495224,-1.134394339150766,-1.1546972359008991,-1.1745207454146125,-1.1939283206642544,-1.2129761661129204,-1.2317147496189669,-1.2501899783741528,-1.2684440987620458,-1.2865163656237446,-1.3044435177217122,-1.3222600913941096,-1.339998601868787,-1.3576896201732422,-1.3753617720074809,-1.3930416827807366,-1.4107538900773646,-1.428520741285762,-1.4463622903556097,-1.4642962040124952,-1.4823376845768284,-1.5004994139874983,-1.518791521720826,-1.5372215780477376,-1.5557946133779137,-1.5745131640432246,-1.5933773445173631,-1.6123849467131357,-1.631531566098435,-1.6508107551988065,-1.6702142045387105,-1.6897319512414029,-1.7093526153736875,-1.7290636642609742,-1.748851705542973,-1.7687028100573572,-1.7886028680243795,-1.8085379838544475,-1.82849492046306,-1.848461611402688,-1.8684277729149144,-1.88838567266825,-1.9083311564887728,-1.9282651250114349,-1.948195846940846,-1.9681429674754136,-1.988145397104472,-2.0082799254811685,-2.028721500795213
0.95,-1.1817418036009937,-1.203909489761623,-1.2255097796442629,-1.2466161058749945,-1.2672926932915949,-1.287596526176665,-1.3075788863067208,-1.3272865417358717,-1.3467626447454024,-1.3660473841088383,-1.3851784294165763,-1.4041912017255838,-1.4231190034386036,-1.4419930395523772,-1.4608423611013512,-1.4796937591764865,-1.4985716342700943,-1.517497861234279,-1.5364916654142922,-1.5555695210031262,-1.5747450788358948,-1.5940291277836462,-1.6134295917364587,-1.6329515626777913,-1.6525973695944447,-1.6723666823703396,-1.6922566494770854,-1.7122620684379413,-1.7323755875478737,-1.75258793728688,-1.7728881897533817,-1.793264044281845,-1.813702137339101,-1.8341883751408148,-1.854708287949582,-1.875247406483885,-1.895791662879268,-1.916327822007445,-1.9368439552994368,-1.9573299775073008,-1.9777782826917027,-1.998184541803873,-2.018548772939614,-2.038876889966845,-2.059183139850913,-2.079494326131917,-2.099858066719944,-2.120361983035079,-2.141194015090615
0.96,-1.2643346743815609,-1.288091105000659,-1.311260495438683,-1.333917001207536,-1.3561255700587729,-1.377943957776122,-1.399424298464068,-1.420614305901657,-1.4415581624844298,-1.4622971407882206,-1.4828699973180353,-1.503313176976122,-1.5236608663819748,-1.5439449353711574,-1.5641948040804228,-1.58443727024213,-1.6046963262703076,-1.6249929896713655,-1.645345164016473,-1.665767541855454,-1.6862715561303248,-1.7068653828576663,-1.7275539952929957,-1.7483392679218432,-1.769220127764429,-1.7901927496695391,-1.8112507916455023,-1.8323856665137608,-1.8535868453615576,-1.8748421882033164,-1.8961382973338872,-1.9174608887595224,-1.938795177471916,-1.9601262733066025,-1.981439585273592,-2.002721234635738,-2.023958480006949,-2.0451401623839907,-2.06625718511961,-2.0873030545897144,-2.1082745240423413,-2.1291724128146963,-2.150002725882499,-2.170778302469597,-2.1915214420093245,-2.2122684772848875,-2.233078688855932,-2.254054768137052,-2.275405420439786
0.97,-1.3693502264256507,-1.3951250810871367,-1.4202862223786905,-1.4449082875183268,-1.4690567687509468,-1.492790100212165,-1.5161612714670123,-1.5392190394439742,-1.562008792868372,-1.5845731149364228,-1.6069520882542885,-1.629183388166984,-1.6513022136494575,-1.6733411064466683,-1.695329707586953,-1.7172944954176874,-1.7392585416219264,-1.761241312599437,-1.7832585345153822,-1.8053221322184945,-1.8274402458373329,-1.84961732395032,-1.871854289133792,-1.894148769289657,-1.916495387244452,-1.9388861000178248,-1.9613105785448,-1.9837566191471945,-2.006210577138608,-2.0286578139675995,-2.0510831494080244,-2.073471311834289,-2.095807380717997,-2.118077217821322,-2.140267886195468,-2.162368059790222,-2.184368430199095,-2.2062621243563063,-2.228045153779085,-2.2497169290659684,-2.271280892916941,-2.2927453568815523,-2.314124687439862,-2.335441102757928,-2.3567275875472924,-2.37803301249781,-2.3994321129209983,-2.421048200208667,-2.443121161809006
0.98,-1.5144973677363336,-1.5430588904381426,-1.5709665103991437,-1.598294604883038,-1.6251086287216367,-1.6514673267586348,-1.677424415076238,-1.703029795081146,-1.7283303520261046,-1.7533703880800904,-1.7781917460604597,-1.802833688912407,-1.8273326074919551,-1.85172163160864,-1.8760302149949035,-1.9002837544450977,-1.9245032889214364,-1.948705308712957,-1.972901690060725,-1.9970997584922705,-2.021302475057195,-2.0455087331853226,-2.06971375039069,-2.093909536073631,-2.118085416834836,-2.142228599771732,-2.166324755084632,-2.190358601441211,-2.214314478312582,-2.238176893098589,-2.261931032900775,-2.285563235282816,-2.3090614151681312,-2.3324154494716582,-2.355617525915693,-2.378662465522386,-2.4015480356557464,-2.4242752749238816,-2.4468488620371285,-2.4692775726154106,-2.491574890826948,-2.513759879456756,-2.5358584817792087,-2.5579055637157264,-2.579948292954965,-2.6020521274357686,-2.624312506397944,-2.646881338487923,-2.6700452338788603
0.99,-1.7547616540270743,-1.7879278391701798,-1.8203643376450391,-1.8521422418369573,-1.883324533977036,-1.9139686268679528,-1.9441281934762225,-1.973854334973729,-2.003196142649141,-2.0322007313793726,-2.060912852079926,-2.0893742164066564,-2.1176226801003657,-2.14569142645758,-2.1736082695623784,-2.201395163555712,-2.229067966852323,-2.256636475528558,-2.284104712145453,-2.311471436792648,-2.3387308345859976,-2.3658733295678123,-2.392886472755263,-2.419755856465396,-2.44646601221663,-2.4730012558594137,-2.4993464541799986,-2.525487693738829,-2.5514128426986127,-2.5771120052491185,-2.6025778730966063,-2.627805986523326,-2.6527949210030446,-2.677546418883469,-2.702065488432432,-2.726360495864264,-2.750443277589117,-2.774329306415826,-2.798037952751555,-2.821592896261276,-2.8450227694273886,-2.868362159490456,-2.891653182135616,-2.914948010270284,-2.9383131043656787,-2.961836743559179,-2.9856437533257982,-3.009928878133992,-3.035055052418899
